Timestamp,Open,High,Low,Close,Volume,Close_time,Quote_av,Trades,Tb_base_av,Tb_quote_av,Ignore
2020-08-21,0.5397,0.5397,0.401,0.4314,2884153.28,1598054399999.0,1310914.069227,4961.0,1025412.05,463787.653919,0.0
2020-08-22,0.4317,0.4987,0.412,0.4712,4198278.44,1598140799999.0,1884510.775776,6160.0,2164357.97,976460.091097,0.0
2020-08-23,0.469,0.494,0.4523,0.4821,10755011.03,1598227199999.0,5093427.513301,6995.0,5574173.47,2680189.894097,0.0
2020-08-24,0.4821,0.5334,0.4792,0.5315,2243774.75,1598313599999.0,1122574.251454,5012.0,953020.16,477250.506554,0.0
2020-08-25,0.5323,0.5324,0.4478,0.4619,2608675.14,1598399999999.0,1260367.040153,4474.0,1445308.64,694302.472961,0.0
2020-08-26,0.4619,0.4983,0.4603,0.498,1831323.23,1598486399999.0,873545.693126,3152.0,888777.81,424929.477593,0.0
2020-08-27,0.4983,0.5182,0.4701,0.5046,3018123.53,1598572799999.0,1495515.884974,5008.0,1485716.19,737346.327307,0.0
2020-08-28,0.5033,0.57,0.5017,0.5662,3694034.11,1598659199999.0,1966380.494229,7169.0,1687303.88,899340.577451,0.0
2020-08-29,0.5662,0.5691,0.5165,0.538,2172028.16,1598745599999.0,1171935.675337,4236.0,1020352.77,551243.102072,0.0
2020-08-30,0.538,0.563,0.5222,0.5326,2697793.49,1598831999999.0,1461342.406018,5548.0,1209966.99,655942.680959,0.0
2020-08-31,0.5333,0.535,0.5078,0.5097,2704706.1,1598918399999.0,1404770.114071,4296.0,1056091.25,548323.930121,0.0
2020-09-01,0.5105,0.5106,0.4745,0.4808,3953475.68,1599004799999.0,1919272.454358,7381.0,2042538.58,991713.298459,0.0
2020-09-02,0.4806,0.4814,0.4185,0.4428,3695631.01,1599091199999.0,1662167.349012,7733.0,1894118.29,847712.608091,0.0
2020-09-03,0.4428,0.45,0.37,0.3778,4072613.69,1599177599999.0,1731063.57294,8085.0,1690356.61,720734.093262,0.0
2020-09-04,0.3748,0.3813,0.3598,0.3685,3338968.01,1599263999999.0,1241528.253544,4976.0,1709455.86,635463.806648,0.0
2020-09-05,0.3689,0.3777,0.3183,0.3264,2996620.05,1599350399999.0,1040369.085509,5978.0,1520559.82,520557.164439,0.0
2020-09-06,0.3261,0.3363,0.3104,0.3325,3122558.17,1599436799999.0,1022885.384998,6651.0,1649462.76,540142.054415,0.0
2020-09-07,0.3325,0.3378,0.3071,0.3257,2699267.69,1599523199999.0,876587.401623,5522.0,1227070.59,398611.450257,0.0
2020-09-08,0.3258,0.3287,0.3078,0.3165,2027110.78,1599609599999.0,650648.602297,5463.0,1019872.64,328158.019261,0.0
2020-09-09,0.3162,0.3291,0.3084,0.3167,1831995.91,1599695999999.0,584083.227945,4390.0,1156269.11,367768.352298,0.0
2020-09-10,0.3167,0.3868,0.3163,0.3498,4329407.69,1599782399999.0,1508722.516751,12537.0,2345047.22,810609.026773,0.0
2020-09-11,0.3497,0.357,0.3141,0.3384,4030025.95,1599868799999.0,1370120.003404,10968.0,2116659.96,717674.945666,0.0
2020-09-12,0.3383,0.3391,0.318,0.3294,5214097.92,1599955199999.0,1701568.57561,10686.0,3405213.08,1112063.061074,0.0
2020-09-13,0.3291,0.3483,0.3001,0.3088,3657468.6,1600041599999.0,1197797.817983,11255.0,1595826.38,523565.520337,0.0
2020-09-14,0.3087,0.3247,0.3061,0.3194,1786079.78,1600127999999.0,564606.955316,7696.0,890621.73,281686.888113,0.0
2020-09-15,0.3193,0.355,0.3053,0.335,6603185.34,1600214399999.0,2182862.773578,19968.0,3249615.95,1073777.251251,0.0
2020-09-16,0.3345,0.3612,0.3183,0.3206,6922022.93,1600300799999.0,2356328.224598,22330.0,3001227.89,1021741.618251,0.0
2020-09-17,0.3202,0.3309,0.31,0.3119,4116296.53,1600387199999.0,1314067.733787,14415.0,2127808.66,679949.79903,0.0
2020-09-18,0.3116,0.3307,0.3089,0.3196,4156463.87,1600473599999.0,1319731.650019,14855.0,2348814.21,746098.737659,0.0
2020-09-19,0.3196,0.3226,0.3058,0.3179,1752924.5,1600559999999.0,549285.819118,7328.0,999513.12,313693.563737,0.0
2020-09-20,0.3175,0.325,0.3028,0.3094,1619967.79,1600646399999.0,503680.565592,6303.0,998855.84,309904.68093,0.0
2020-09-21,0.3093,0.3161,0.288,0.2884,2278558.04,1600732799999.0,683940.286021,6573.0,859602.7,258145.039794,0.0
2020-09-22,0.2891,0.3041,0.2881,0.3003,1095021.61,1600819199999.0,323856.225277,2987.0,628011.05,186055.899773,0.0
2020-09-23,0.3005,0.3038,0.2899,0.2909,640287.05,1600905599999.0,189973.932896,2442.0,261811.63,77936.732185,0.0
2020-09-24,0.2909,0.3036,0.2879,0.3029,1367873.82,1600991999999.0,401552.696134,3237.0,567834.95,166949.938961,0.0
2020-09-25,0.3034,0.3411,0.2898,0.324,4969756.62,1601078399999.0,1560862.258091,11987.0,1922053.28,607305.405388,0.0
2020-09-26,0.324,0.33,0.31,0.3154,1556314.86,1601164799999.0,494663.995748,5275.0,941102.29,299403.4184,0.0
2020-09-27,0.3148,0.3184,0.3093,0.3133,789126.33,1601251199999.0,247567.605577,2874.0,491477.55,154243.479724,0.0
2020-09-28,0.3134,0.3499,0.3134,0.3223,2509797.04,1601337599999.0,835352.586187,7605.0,1140822.02,378128.369203,0.0
2020-09-29,0.3221,0.3579,0.3218,0.3344,3732916.57,1601423999999.0,1263995.44348,12654.0,1851878.79,626996.483324,0.0
2020-09-30,0.3347,0.3427,0.327,0.3348,1845947.92,1601510399999.0,617291.244365,6044.0,1016062.49,339962.368238,0.0
2020-10-01,0.3346,0.3402,0.3098,0.3174,1894328.22,1601596799999.0,613608.267025,6499.0,799934.95,261218.216402,0.0
2020-10-02,0.3174,0.3395,0.2894,0.3289,3217498.12,1601683199999.0,1003458.280896,9110.0,1446943.29,446433.683233,0.0
2020-10-03,0.3288,0.3324,0.3083,0.3101,2381038.29,1601769599999.0,759264.366634,6248.0,889430.17,284325.440915,0.0
2020-10-04,0.31,0.3111,0.2997,0.3013,644186.76,1601855999999.0,197428.369963,1962.0,204075.42,62124.741417,0.0
2020-10-05,0.301,0.3288,0.3002,0.3107,2472714.84,1601942399999.0,777833.577458,6423.0,1233196.62,387974.849015,0.0
2020-10-06,0.3107,0.3208,0.2911,0.2941,1394959.67,1602028799999.0,425756.375807,4282.0,481590.34,146828.464135,0.0
2020-10-07,0.294,0.3045,0.287,0.304,752055.15,1602115199999.0,222223.899951,3136.0,404805.64,119805.034287,0.0
2020-10-08,0.3041,0.305,0.2929,0.301,926544.36,1602201599999.0,276920.022,3202.0,367588.91,110145.813833,0.0
2020-10-09,0.301,0.3193,0.301,0.3183,1188578.23,1602287999999.0,366486.435684,3680.0,650048.48,200750.490532,0.0
2020-10-10,0.3184,0.3206,0.3,0.3082,1966877.33,1602374399999.0,608413.176131,5608.0,1342950.26,416013.624056,0.0
2020-10-11,0.3081,0.338,0.3024,0.322,2032821.5,1602460799999.0,648865.744597,4420.0,676304.99,215114.629179,0.0
2020-10-12,0.322,0.3331,0.3114,0.3274,1291992.77,1602547199999.0,415210.394306,4542.0,541741.25,174495.638666,0.0
2020-10-13,0.3274,0.3395,0.3114,0.3171,1348979.58,1602633599999.0,432791.392854,3856.0,873381.51,280226.559083,0.0
2020-10-14,0.317,0.3358,0.3166,0.3201,2236569.81,1602719999999.0,730333.869619,4065.0,896272.62,291809.158272,0.0
2020-10-15,0.3201,0.3286,0.316,0.3249,1271434.55,1602806399999.0,409414.239628,2138.0,312454.03,100960.83322,0.0
2020-10-16,0.3249,0.3255,0.3074,0.319,1259728.41,1602892799999.0,400632.14292,2742.0,361592.31,114722.211829,0.0
2020-10-17,0.3187,0.3187,0.314,0.3178,397370.78,1602979199999.0,125689.303614,1125.0,197435.4,62497.361766,0.0
2020-10-18,0.3174,0.3191,0.3116,0.3133,306103.84,1603065599999.0,96648.026414,740.0,178809.94,56486.951324,0.0
2020-10-19,0.3133,0.3305,0.3092,0.3206,1915930.79,1603151999999.0,612833.796718,3326.0,551118.27,175403.943138,0.0
2020-10-20,0.3205,0.3207,0.3072,0.3094,968751.85,1603238399999.0,303283.36326,3896.0,356349.77,111838.904587,0.0
2020-10-21,0.3094,0.3191,0.3074,0.3127,679283.88,1603324799999.0,213290.477935,2839.0,308270.68,96903.00471,0.0
2020-10-22,0.3128,0.3179,0.3104,0.3151,645897.3,1603411199999.0,203212.656383,2451.0,350085.39,110289.194947,0.0
2020-10-23,0.315,0.33,0.3112,0.3163,2117258.24,1603497599999.0,679965.26455,4383.0,698422.24,223448.032763,0.0
2020-10-24,0.3163,0.3212,0.3097,0.3118,777736.2,1603583999999.0,243997.243112,1716.0,402406.61,126586.45231,0.0
2020-10-25,0.3115,0.3131,0.3059,0.3081,434541.7,1603670399999.0,134175.209416,1143.0,220913.21,68184.04551,0.0
2020-10-26,0.3076,0.3206,0.2997,0.3047,1213067.17,1603756799999.0,375137.635078,2695.0,431423.91,133583.49584,0.0
2020-10-27,0.3044,0.3205,0.3036,0.31,1476239.72,1603843199999.0,462760.959633,3158.0,558010.22,174938.332207,0.0
2020-10-28,0.31,0.321,0.304,0.3089,2925330.02,1603929599999.0,915391.91674,5614.0,839611.75,263481.274212,0.0
2020-10-29,0.3089,0.3122,0.2999,0.3015,676085.17,1604015999999.0,206981.372765,2040.0,258256.11,79223.218232,0.0
2020-10-30,0.3014,0.31,0.2996,0.3042,1104291.46,1604102399999.0,335935.642413,2775.0,315441.96,96062.349505,0.0
2020-10-31,0.3037,0.3105,0.3027,0.3032,562474.79,1604188799999.0,171987.489136,1773.0,256488.04,78508.331391,0.0
2020-11-01,0.3031,0.3043,0.298,0.3003,758515.79,1604275199999.0,227756.030489,1120.0,434295.7,130324.312671,0.0
2020-11-02,0.3005,0.3025,0.2848,0.2866,1667622.87,1604361599999.0,489755.574091,4123.0,715230.57,209740.78138,0.0
2020-11-03,0.2865,0.2913,0.2733,0.2906,1497226.78,1604447999999.0,420814.848498,4907.0,741390.3,209092.915386,0.0
2020-11-04,0.2907,0.2913,0.2786,0.2846,640882.18,1604534399999.0,181922.086844,2233.0,394459.97,112079.061555,0.0
2020-11-05,0.2849,0.295,0.2806,0.2949,823299.06,1604620799999.0,235885.719666,2110.0,357371.67,102453.070975,0.0
2020-11-06,0.2953,0.308,0.294,0.3063,1347519.31,1604707199999.0,406444.421552,3194.0,516869.98,156161.059507,0.0
2020-11-07,0.3063,0.3133,0.2899,0.2912,2031776.21,1604793599999.0,615349.491636,4700.0,876835.34,265583.237567,0.0
2020-11-08,0.2912,0.3081,0.291,0.3036,869000.14,1604879999999.0,261843.761572,1948.0,375112.16,113115.129969,0.0
2020-11-09,0.3035,0.3062,0.2962,0.2978,1076793.68,1604966399999.0,323476.550774,2431.0,448458.61,135038.380037,0.0
2020-11-10,0.2976,0.3114,0.2935,0.3086,1570244.75,1605052799999.0,479490.294148,2959.0,763638.18,233087.263605,0.0
2020-11-11,0.3088,0.336,0.3085,0.3202,4945725.94,1605139199999.0,1611868.860364,8249.0,1812101.36,591005.631493,0.0
2020-11-12,0.3207,0.3275,0.3079,0.3173,5465476.04,1605225599999.0,1731911.969389,8233.0,3199217.27,1015081.362329,0.0
2020-11-13,0.3172,0.3285,0.3145,0.3193,2070467.38,1605311999999.0,663911.343687,3581.0,748298.65,240058.905896,0.0
2020-11-14,0.3193,0.3203,0.3033,0.3053,1851722.89,1605398399999.0,572864.153446,3834.0,1141642.64,353008.640518,0.0
2020-11-15,0.3053,0.3124,0.2944,0.3078,3450601.75,1605484799999.0,1046099.862051,6434.0,1744627.7,529064.3645,0.0
2020-11-16,0.3077,0.3182,0.2923,0.3125,5105917.56,1605571199999.0,1559309.136299,9428.0,2589660.44,791221.056663,0.0
2020-11-17,0.313,0.3293,0.3088,0.3123,2647222.05,1605657599999.0,846500.918337,5541.0,1271545.89,406452.960221,0.0
2020-11-18,0.312,0.3234,0.3052,0.3163,4152526.05,1605743999999.0,1312106.696624,8831.0,2078497.21,657174.46001,0.0
2020-11-19,0.3161,0.3307,0.3133,0.3237,3786258.57,1605830399999.0,1221915.065652,6887.0,1835886.92,592551.072138,0.0
2020-11-20,0.3238,0.36,0.3231,0.3436,4559266.31,1605916799999.0,1559231.757151,9738.0,3014024.42,1031500.908453,0.0
2020-11-21,0.3435,0.3522,0.3371,0.3477,2667210.54,1606003199999.0,919990.297907,5590.0,1312657.38,452574.674926,0.0
2020-11-22,0.3477,0.38,0.3361,0.3492,6937175.59,1606089599999.0,2493900.704907,15649.0,4189423.16,1509601.76555,0.0
2020-11-23,0.3492,0.4036,0.3426,0.3795,10681925.8,1606175999999.0,4010504.865689,20063.0,5167859.89,1940784.370731,0.0
2020-11-24,0.3795,0.4261,0.3706,0.4131,10134787.92,1606262399999.0,4030228.242302,22849.0,4449531.4,1776641.066276,0.0
2020-11-25,0.4131,0.4329,0.3911,0.4063,8117559.62,1606348799999.0,3332541.184693,18273.0,3176651.87,1300970.511515,0.0
2020-11-26,0.4063,0.4073,0.3382,0.3489,6832997.16,1606435199999.0,2482576.178086,18596.0,3046755.4,1109089.42604,0.0
2020-11-27,0.349,0.4077,0.3479,0.3832,5505333.95,1606521599999.0,2084343.952561,10785.0,2325605.53,876757.546647,0.0
2020-11-28,0.3834,0.3909,0.3767,0.3851,1133937.25,1606607999999.0,435661.755463,3180.0,533759.29,205348.22082,0.0
2020-11-29,0.3848,0.3853,0.3747,0.3807,1264232.72,1606694399999.0,479461.841354,2776.0,490666.8,186086.934258,0.0
2020-11-30,0.3802,0.4246,0.3802,0.3998,8769699.59,1606780799999.0,3532839.414633,16803.0,3669027.8,1474602.681866,0.0
2020-12-01,0.3999,0.4296,0.3807,0.3887,7714730.05,1606867199999.0,3122339.826206,14319.0,3162876.29,1273691.832099,0.0
2020-12-02,0.3883,0.41,0.3811,0.409,4298623.76,1606953599999.0,1693099.233644,9030.0,2191193.32,863155.181689,0.0
2020-12-03,0.4088,0.5031,0.4088,0.5027,18222642.35,1607039999999.0,8397506.924128,38254.0,7867675.51,3638658.800227,0.0
2020-12-04,0.5027,0.5105,0.4493,0.4505,15767219.08,1607126399999.0,7640732.875646,32218.0,5593343.39,2716548.937279,0.0
2020-12-05,0.4501,0.513,0.446,0.5103,10326197.17,1607212799999.0,5021262.572679,18931.0,4195729.54,2037220.586904,0.0
2020-12-06,0.5094,0.5105,0.4837,0.5018,4381363.39,1607299199999.0,2173067.271496,9606.0,1727055.45,856405.930157,0.0
2020-12-07,0.5019,0.5166,0.4901,0.5078,4618352.27,1607385599999.0,2326512.882163,11777.0,2042164.17,1029530.67285,0.0
2020-12-08,0.5078,0.5313,0.4662,0.4726,8031214.07,1607471999999.0,4079469.215843,17944.0,3305744.22,1682557.695663,0.0
2020-12-09,0.4724,0.5223,0.4646,0.4914,7825525.51,1607558399999.0,3866099.788474,14008.0,3409059.24,1682198.376783,0.0
2020-12-10,0.492,0.5013,0.47,0.4751,3995254.52,1607644799999.0,1953487.470445,7663.0,1616903.66,790385.72733,0.0
2020-12-11,0.4753,0.4887,0.4553,0.464,4646634.89,1607731199999.0,2189651.188097,10879.0,2075937.4,977555.606297,0.0
2020-12-12,0.4638,0.489,0.4615,0.4824,2323522.99,1607817599999.0,1105174.937611,6185.0,1270515.54,604827.318473,0.0
2020-12-13,0.4826,0.495,0.4746,0.4803,2241273.48,1607903999999.0,1075809.325912,5291.0,1102791.19,529590.201505,0.0
2020-12-14,0.4807,0.4817,0.4691,0.4728,2099309.1,1607990399999.0,997669.859726,4984.0,1023773.66,487008.879793,0.0
2020-12-15,0.4726,0.4796,0.4666,0.4796,1253793.53,1608076799999.0,592256.377537,3273.0,649175.07,306954.573009,0.0
2020-12-16,0.4796,0.5342,0.4787,0.5054,9022569.18,1608163199999.0,4633654.7421,16839.0,4002627.1,2050184.304351,0.0
2020-12-17,0.505,0.5355,0.4713,0.484,9729016.77,1608249599999.0,4956391.409566,19503.0,4079318.01,2071047.958307,0.0
2020-12-18,0.4841,0.5368,0.4789,0.5326,7392548.64,1608335999999.0,3813277.373724,15633.0,2927688.14,1509431.245774,0.0
2020-12-19,0.5322,0.5446,0.5244,0.5378,2951208.22,1608422399999.0,1582630.103568,8257.0,1417851.5,760458.664491,0.0
2020-12-20,0.5378,0.5378,0.4785,0.4888,6517073.45,1608508799999.0,3301407.111967,13353.0,3856981.82,1951036.282905,0.0
2020-12-21,0.4889,0.5202,0.4467,0.4679,9520434.75,1608595199999.0,4644833.02128,17743.0,5256671.8,2567655.911519,0.0
2020-12-22,0.4675,0.5092,0.4611,0.5087,6444602.44,1608681599999.0,3144934.700723,14701.0,2575955.8,1260029.635737,0.0
2020-12-23,0.5087,0.5136,0.4516,0.4595,5011117.86,1608767999999.0,2418817.903176,15146.0,2223351.58,1073833.068307,0.0
2020-12-24,0.4595,0.5366,0.45,0.5186,14694100.81,1608854399999.0,7391202.915876,29617.0,5452863.96,2747800.554667,0.0
2020-12-25,0.5186,0.564,0.5134,0.5387,5323966.38,1608940799999.0,2886457.653427,12950.0,2516446.12,1362914.645181,0.0
2020-12-26,0.5385,0.5739,0.5378,0.5413,5939375.85,1609027199999.0,3293603.066455,13586.0,2700122.82,1495776.122624,0.0
2020-12-27,0.5414,0.5705,0.5244,0.5518,9430101.23,1609113599999.0,5190229.655876,20753.0,3810929.82,2095167.82119,0.0
2020-12-28,0.5518,0.6545,0.547,0.6195,15349877.8,1609199999999.0,9477813.404631,32997.0,6764630.68,4182180.636584,0.0
2020-12-29,0.6197,0.7,0.6054,0.648,14580067.93,1609286399999.0,9318950.960969,31750.0,6752910.11,4301506.030595,0.0
2020-12-30,0.6481,0.709,0.6419,0.6675,10848092.77,1609372799999.0,7343455.380778,25960.0,4452685.81,3013092.50657,0.0
2020-12-31,0.6675,0.6898,0.6268,0.654,5728195.99,1609459199999.0,3734033.965996,16883.0,2813555.74,1831321.995474,0.0
2021-01-01,0.6539,0.6737,0.6298,0.648,4478724.25,1609545599999.0,2902700.774334,14316.0,2224266.63,1440528.607283,0.0
2021-01-02,0.6477,0.6478,0.615,0.6299,4138788.46,1609631999999.0,2613120.45882,15192.0,1986756.3,1254263.22617,0.0
2021-01-03,0.6302,0.6784,0.6245,0.6583,10490641.11,1609718399999.0,6879124.727472,26223.0,5557335.19,3635927.477474,0.0
2021-01-04,0.6586,0.7221,0.6294,0.6672,16107163.9,1609804799999.0,10879050.043098,38322.0,6491497.72,4367956.357845,0.0
2021-01-05,0.6682,0.7185,0.6454,0.7143,12962229.05,1609891199999.0,8912089.343472,28227.0,4745805.53,3264816.293732,0.0
2021-01-06,0.7144,0.7216,0.6986,0.7135,5367868.4,1609977599999.0,3807661.886275,15484.0,2454316.66,1741851.941455,0.0
2021-01-07,0.7135,0.9565,0.7075,0.8572,25856425.52,1610063999999.0,21747824.121953,53579.0,11012999.57,9277997.233996,0.0
2021-01-08,0.8572,0.897,0.825,0.8479,11787310.07,1610150399999.0,10074491.400886,29190.0,5798152.21,4939841.477357,0.0
2021-01-09,0.8484,0.85,0.798,0.8137,5982533.56,1610236799999.0,4917896.879386,17005.0,2876759.5,2363707.039282,0.0
2021-01-10,0.8136,0.8871,0.8108,0.8435,11112482.9,1610323199999.0,9484358.539242,31342.0,5569872.66,4752694.50725,0.0
2021-01-11,0.8436,0.8446,0.6974,0.7371,16830825.06,1610409599999.0,12994347.02739,44094.0,7953774.09,6135008.249644,0.0
2021-01-12,0.7374,0.8393,0.7123,0.7481,12796741.25,1610495999999.0,9961767.549115,25704.0,5768318.62,4479871.792102,0.0
2021-01-13,0.7472,0.8483,0.7218,0.8213,10642760.25,1610582399999.0,8482358.70197,22645.0,5094801.96,4052922.824626,0.0
2021-01-14,0.8213,0.9038,0.8042,0.8326,12660847.46,1610668799999.0,10946886.484514,24066.0,6375916.74,5518919.689984,0.0
2021-01-15,0.8332,0.8537,0.757,0.792,7596047.54,1610755199999.0,6076076.29053,20889.0,3715199.28,2973871.350458,0.0
2021-01-16,0.7922,0.8142,0.7561,0.7605,5165627.88,1610841599999.0,4082474.98911,15574.0,2446090.24,1936200.041688,0.0
2021-01-17,0.7594,0.8293,0.7476,0.8074,9156754.41,1610927999999.0,7216445.749015,22386.0,4054897.88,3191941.840889,0.0
2021-01-18,0.8075,0.8205,0.7887,0.801,4110835.89,1611014399999.0,3300204.369988,11545.0,2000123.19,1607232.773271,0.0
2021-01-19,0.8009,1.0031,0.7925,0.9102,23354170.04,1611100799999.0,21476258.929616,48262.0,10007616.2,9145187.993839,0.0
2021-01-20,0.9113,0.9401,0.8663,0.9033,8122580.75,1611187199999.0,7369980.001031,21336.0,3421892.83,3098785.483826,0.0
2021-01-21,0.9041,0.9061,0.7929,0.7933,6464858.73,1611273599999.0,5439030.928363,20154.0,2629298.47,2212514.334794,0.0
2021-01-22,0.7941,0.8635,0.7702,0.8122,8413795.22,1611359999999.0,6917617.323167,20951.0,4231124.23,3484584.542648,0.0
2021-01-23,0.8121,0.9025,0.8047,0.9023,6505711.09,1611446399999.0,5497216.280497,17902.0,3484074.52,2947617.757214,0.0
2021-01-24,0.9025,0.9235,0.8569,0.9076,8293572.38,1611532799999.0,7319177.226178,21217.0,4090568.12,3610251.189842,0.0
2021-01-25,0.9076,0.942,0.8682,0.8697,7606952.61,1611619199999.0,6923059.104626,23570.0,3470981.56,3164799.664807,0.0
2021-01-26,0.8699,1.37,0.8651,1.264,80404308.92,1611705599999.0,94442047.584291,179179.0,39461336.17,46326582.122721,0.0
2021-01-27,1.2647,1.295,1.1066,1.1204,38276533.93,1611791999999.0,44887189.842438,99008.0,19616905.41,23010312.836184,0.0
2021-01-28,1.1206,1.585,1.1087,1.4528,60659454.69,1611878399999.0,86599758.76764,224741.0,27669732.84,39478437.16628,0.0
2021-01-29,1.4525,1.71,1.447,1.4736,39120384.66,1611964799999.0,60919131.163576,170132.0,16278034.73,25349186.998132,0.0
2021-01-30,1.4742,1.5797,1.3993,1.4347,21660315.62,1612051199999.0,31915599.933067,74808.0,9465031.04,13938581.734709,0.0
2021-01-31,1.4346,1.54,1.3676,1.458,25029885.1,1612137599999.0,36472333.307066,91252.0,11342008.35,16528068.51189,0.0
2021-02-01,1.4578,1.94,1.416,1.7999,38334820.93,1612223999999.0,62456940.167678,138751.0,17931960.32,29222807.758937,0.0
2021-02-02,1.7999,2.3569,1.7988,2.3569,38910424.65,1612310399999.0,80087078.921823,169869.0,18682637.19,38469800.252994,0.0
2021-02-03,2.3555,2.5,2.01,2.1114,41685641.82,1612396799999.0,93051122.874061,195032.0,20768483.22,46280418.846334,0.0
2021-02-04,2.1105,2.8745,1.9827,2.6665,43438171.57,1612483199999.0,106800221.053841,232698.0,21271802.0,52139352.614245,0.0
2021-02-05,2.668,3.0302,2.6545,2.879,20501508.34,1612569599999.0,58065290.471097,152008.0,10069996.32,28554928.677764,0.0
2021-02-06,2.879,2.9813,2.5333,2.6928,12746214.83,1612655999999.0,34942552.053878,107737.0,6219634.68,17057679.198898,0.0
2021-02-07,2.6925,3.15,2.469,3.082,22438890.1,1612742399999.0,62933605.459745,161100.0,10938065.02,30719105.287077,0.0
2021-02-08,3.082,6.2,3.061,5.7743,58737936.39,1612828799999.0,255748304.846573,399898.0,29305984.58,128361530.730082,0.0
2021-02-09,5.767,8.4448,4.8326,6.4663,66425086.13,1612915199999.0,403890657.33693,499312.0,33972370.32,206835300.864066,0.0
2021-02-10,6.464,7.0,5.7,6.0925,25227853.05,1613001599999.0,159816811.195895,274281.0,12606046.72,79866768.440571,0.0
2021-02-11,6.0918,6.5184,5.4198,5.4899,17811151.59,1613087999999.0,106435189.853581,189928.0,9109298.82,54480916.62998,0.0
2021-02-12,5.4955,6.1636,5.4,5.733,20251126.82,1613174399999.0,117731509.657022,195682.0,9604651.84,55830328.813211,0.0
2021-02-13,5.7303,5.9998,5.3893,5.5986,11026456.78,1613260799999.0,63015800.555937,117752.0,5181748.61,29630812.23322,0.0
2021-02-14,5.5952,6.1803,5.3282,5.6367,13331261.42,1613347199999.0,76466640.484111,142804.0,6298306.74,36156654.279584,0.0
2021-02-15,5.6375,6.1,4.96,5.4548,17564032.05,1613433599999.0,94436371.28027,176174.0,8779910.52,47215846.064554,0.0
2021-02-16,5.4535,6.75,5.2795,6.5204,24070491.98,1613519999999.0,148274943.320012,235039.0,11821347.68,72842933.557544,0.0
2021-02-17,6.5223,7.48,5.8103,7.2723,28283777.77,1613606399999.0,185500195.728295,281469.0,13653975.07,89611690.855284,0.0
2021-02-18,7.2793,7.5358,6.4,6.6966,14068865.49,1613692799999.0,97246818.299281,179359.0,6824198.31,47179317.552834,0.0
2021-02-19,6.6939,6.9,6.1556,6.3101,10846138.23,1613779199999.0,70137174.217993,134395.0,4875608.34,31525817.786722,0.0
2021-02-20,6.3101,6.7501,5.6832,5.9411,10080940.46,1613865599999.0,63269092.099978,133972.0,4414992.9,27730769.137368,0.0
2021-02-21,5.9463,6.3666,5.7989,6.1207,7781188.87,1613951999999.0,47266819.373803,109723.0,3436182.08,20913882.370317,0.0
2021-02-22,6.1206,8.47,5.9477,7.0715,38768546.54,1614038399999.0,280509923.822305,364398.0,18285944.43,132573844.051989,0.0
2021-02-23,7.0791,7.15,5.435,6.7359,28169294.44,1614124799999.0,179522942.560618,231700.0,12426207.54,79246146.465195,0.0
2021-02-24,6.727,7.6879,6.4006,6.6649,15613671.49,1614211199999.0,109870657.99096,167518.0,7261584.31,51108894.477002,0.0
2021-02-25,6.6649,7.2164,5.9402,5.9804,11918826.58,1614297599999.0,79284566.990152,125677.0,5643101.64,37590052.546451,0.0
2021-02-26,5.9888,6.4148,5.5662,5.8955,7976815.23,1614383999999.0,47512465.734332,93211.0,3725060.5,22189000.995307,0.0
2021-02-27,5.8881,6.3689,5.68,5.9,5581206.37,1614470399999.0,33478915.658754,73134.0,2686114.66,16105633.905333,0.0
2021-02-28,5.9083,6.0082,4.9765,5.3531,7021503.55,1614556799999.0,37716276.050315,83615.0,3205083.09,17209629.012186,0.0
2021-03-01,5.3511,6.7706,5.328,6.7453,10942390.12,1614643199999.0,66533822.307699,100551.0,5282899.01,32164648.011329,0.0
2021-03-02,6.7481,6.78,6.1947,6.4727,7433824.04,1614729599999.0,48127288.714926,92198.0,3475011.41,22516065.679139,0.0
2021-03-03,6.4679,8.2212,6.4201,7.2027,18032318.93,1614815999999.0,132975829.179448,190337.0,9346936.51,68959324.766603,0.0
2021-03-04,7.2013,8.1436,7.0672,7.4731,15773216.8,1614902399999.0,119295588.498521,155471.0,7450980.79,56397067.143801,0.0
2021-03-05,7.4731,8.7666,6.9798,8.4619,20141113.51,1614988799999.0,161368151.828826,210266.0,9791837.18,78575523.905519,0.0
2021-03-06,8.4508,9.0,8.1,8.2421,12651262.32,1615075199999.0,106956686.357119,152269.0,5919135.36,50155299.513347,0.0
2021-03-07,8.2529,8.3074,7.7,8.2405,6184494.24,1615161599999.0,49716109.353058,100114.0,2957615.21,23790058.279663,0.0
2021-03-08,8.2505,9.7795,8.0861,9.6833,12400879.49,1615247999999.0,109466609.5805,174001.0,5848100.61,51701832.822875,0.0
2021-03-09,9.6832,12.124,9.595,11.6362,21764327.77,1615334399999.0,239702061.350877,291432.0,11501822.05,126702605.14905,0.0
2021-03-10,11.6516,11.75,10.8719,11.1176,9925669.23,1615420799999.0,111638471.16454,158847.0,4723417.16,53226785.305526,0.0
2021-03-11,11.1187,11.3898,10.3888,10.8116,9729821.63,1615507199999.0,105023520.240372,130451.0,5505085.53,59396131.451224,0.0
2021-03-12,10.8184,14.3822,10.5743,14.1396,16467371.63,1615593599999.0,206656071.269275,270871.0,8411738.45,105662383.934434,0.0
2021-03-13,14.1415,14.9,12.66,14.5939,8280811.94,1615679999999.0,110727773.038041,158898.0,3872957.58,51897585.419428,0.0
2021-03-14,14.5937,17.5,13.8,15.8063,12990496.54,1615766399999.0,202810205.339532,284131.0,6222007.18,97176427.839647,0.0
2021-03-15,15.8245,16.7369,14.6013,16.2689,10208160.83,1615852799999.0,159657359.602979,213424.0,4744873.09,74299603.829635,0.0
2021-03-16,16.2593,20.8236,16.0,19.8812,22648741.41,1615939199999.0,422663857.200301,435530.0,11272698.52,210335840.213349,0.0
2021-03-17,19.8812,19.9135,17.0258,18.5092,15207564.01,1616025599999.0,283093325.855383,264588.0,6837815.8,127442518.230374,0.0
2021-03-18,18.5092,19.3107,17.6683,18.9211,7415666.28,1616111999999.0,137357106.131651,179267.0,3533403.9,65500477.080503,0.0
2021-03-19,18.9247,21.8563,18.5118,19.8444,10902506.37,1616198399999.0,224778712.619863,250670.0,5254648.95,108418583.75146,0.0
2021-03-20,19.8444,21.3095,19.6,20.8382,4921778.88,1616284799999.0,101692015.11607,146258.0,2478180.8,51226152.227979,0.0
2021-03-21,20.8375,22.4,20.7301,21.9,7034161.34,1616371199999.0,152381004.693159,198767.0,3547447.12,76868486.782525,0.0
2021-03-22,21.9109,21.9922,18.75,19.3166,6911516.09,1616457599999.0,143911492.628132,185194.0,3077171.67,64112157.585392,0.0
2021-03-23,19.3115,19.7249,16.6803,16.9419,7776572.96,1616543999999.0,144303384.097232,177550.0,3696299.68,68722545.908768,0.0
2021-03-24,16.9428,18.7406,15.7111,16.5182,12671181.9,1616630399999.0,217038387.688612,244050.0,6298873.0,107760454.40802,0.0
2021-03-25,16.5182,17.1602,15.9382,16.3683,7017339.54,1616716799999.0,115137130.10843,176910.0,3493553.12,57336323.588774,0.0
2021-03-26,16.3824,18.9759,16.32,18.3741,6259000.18,1616803199999.0,113527517.228053,128948.0,3098523.76,56178077.836314,0.0
2021-03-27,18.3749,19.2181,17.9973,18.6553,3102482.2,1616889599999.0,57525932.658947,80809.0,1477886.19,27432395.148473,0.0
2021-03-28,18.6553,19.2498,18.0062,18.5337,2663938.0,1616975999999.0,49643264.608327,64496.0,1240518.82,23119179.829494,0.0
2021-03-29,18.531,19.5,18.1706,18.8812,3201736.68,1617062399999.0,60449449.539055,66229.0,1529668.8,28891889.921926,0.0
2021-03-30,18.874,19.1734,18.128,18.6148,3528578.44,1617148799999.0,65829748.060103,74471.0,1682663.36,31402246.759198,0.0
2021-03-31,18.6148,19.5414,17.6659,18.6631,7303032.36,1617235199999.0,135297878.35695,114703.0,4253383.4,78758641.294804,0.0
2021-04-01,18.6709,19.0759,17.9841,18.4204,4853934.2,1617321599999.0,89744514.049232,92473.0,2793122.49,51616363.221835,0.0
2021-04-02,18.4387,19.5,18.3266,18.465,4205748.06,1617407999999.0,78875158.112794,83642.0,2425909.77,45561872.213766,0.0
2021-04-03,18.4692,18.86,17.8851,17.9961,2432935.54,1617494399999.0,44750662.701053,58170.0,1150408.54,21179642.0829,0.0
2021-04-04,17.9934,18.5029,17.8759,18.1678,1893256.7,1617580799999.0,34546874.124695,49871.0,931649.33,17006320.154633,0.0
2021-04-05,18.1754,18.389,17.2165,17.55,3386614.17,1617667199999.0,60829507.490166,89848.0,1527347.53,27456337.383096,0.0
2021-04-06,17.55,17.7243,16.4355,16.7024,5347658.97,1617753599999.0,90650351.115983,118147.0,2395550.96,40573918.397167,0.0
2021-04-07,16.7024,16.7643,14.7555,15.4273,6575771.2,1617839999999.0,102419680.312165,130850.0,3233495.57,50369584.517996,0.0
2021-04-08,15.4287,16.1307,15.1842,15.7548,3710644.55,1617926399999.0,58130075.848912,97551.0,1694176.78,26560438.313411,0.0
2021-04-09,15.7562,16.9882,15.53,15.6583,4724065.17,1618012799999.0,77519238.040841,110739.0,2138680.74,35122772.8286,0.0
2021-04-10,15.6682,15.9396,14.777,15.4779,3693014.91,1618099199999.0,57225176.467017,96429.0,1715660.37,26596237.57469,0.0
2021-04-11,15.4822,15.5547,14.9882,15.1147,2521498.1,1618185599999.0,38470244.194754,64466.0,1021102.66,15580065.745471,0.0
2021-04-12,15.1147,15.22,14.25,14.6219,3918809.61,1618271999999.0,57935372.601504,84482.0,1868433.26,27633914.160526,0.0
2021-04-13,14.6311,16.9178,14.6311,15.6306,7928687.9,1618358399999.0,125996097.625861,170016.0,3654010.2,57974930.071952,0.0
2021-04-14,15.6158,16.4601,15.0778,15.2808,6371734.92,1618444799999.0,99493151.042555,151517.0,2843083.44,44422188.958145,0.0
2021-04-15,15.2813,17.4258,14.9994,16.8568,5764243.02,1618531199999.0,92974395.524993,184267.0,2948639.56,47733997.795778,0.0
2021-04-16,16.8569,17.1,15.5044,15.7406,6572565.38,1618617599999.0,106699743.211808,184173.0,3047177.68,49473601.40769,0.0
2021-04-17,15.7406,16.331,15.05,15.183,4779754.65,1618703999999.0,74728703.793108,127344.0,2392456.98,37413654.359749,0.0
2021-04-18,15.183,15.2456,11.6501,13.3824,9652853.05,1618790399999.0,128101182.529453,240687.0,4272255.88,56567136.213849,0.0
2021-04-19,13.3905,16.35,13.1465,13.8406,11845150.75,1618876799999.0,174873069.597626,279846.0,5649074.53,83311361.120345,0.0
2021-04-20,13.8604,13.8703,12.5986,13.4266,6296979.62,1618963199999.0,83943658.621611,161504.0,2976109.31,39691455.723435,0.0
2021-04-21,13.4211,14.4415,13.1539,13.2436,7251304.11,1619049599999.0,99825110.512256,176255.0,3146199.96,43313282.530269,0.0
2021-04-22,13.2527,15.5958,12.9349,13.6277,11448654.14,1619135999999.0,164019563.932951,262056.0,5285557.85,75940815.892725,0.0
2021-04-23,13.6277,14.428,12.667,14.1,10468808.57,1619222399999.0,140317454.980765,200476.0,4639189.54,62236399.422954,0.0
2021-04-24,14.1,16.5818,13.61,15.5905,9572773.01,1619308799999.0,144541821.919445,251730.0,4853678.29,73300639.946319,0.0
2021-04-25,15.5847,18.981,15.542,17.713,12482303.336,1619395199999.0,216385844.420165,334652.0,6213597.42,107781514.112314,0.0
2021-04-26,17.713,18.053,16.861,17.626,9439373.997,1619481599999.0,165956818.933314,206274.0,4436926.953,78059766.737543,0.0
2021-04-27,17.626,19.6094,17.181,17.685,11339513.729,1619567999999.0,208070089.823018,221801.0,5213207.797,95336383.325305,0.0
2021-04-28,17.686,17.945,16.461,16.825,8808985.699,1619654399999.0,152128062.252347,192655.0,4160297.669,71846710.024923,0.0
2021-04-29,16.825,16.947,15.85,16.241,6281587.975,1619740799999.0,103643683.109514,162430.0,3085463.496,50932884.976513,0.0
2021-04-30,16.242,16.956,15.775,16.689,5040164.093,1619827199999.0,83507013.552382,127370.0,2502466.632,41468656.643055,0.0
2021-05-01,16.689,16.813,16.322,16.548,3334150.698,1619913599999.0,55257446.293457,91007.0,1556766.037,25817015.655169,0.0
2021-05-02,16.553,17.593,16.424,17.144,6262426.593,1619999999999.0,106747628.586394,163747.0,3278013.565,55845636.956446,0.0
2021-05-03,17.137,19.199,17.069,17.244,13379470.894,1620086399999.0,242999553.072717,287915.0,6798866.683,122999751.453378,0.0
2021-05-04,17.251,17.449,15.642,16.286,9581459.194,1620172799999.0,159846132.743933,242045.0,4927397.205,82325575.867973,0.0
2021-05-05,16.29,17.52,16.254,17.023,8630435.624,1620259199999.0,147432213.997869,187254.0,4697271.553,80152275.285425,0.0
2021-05-06,17.02,17.445,16.311,16.776,8970875.689,1620345599999.0,151141022.118976,182901.0,4447967.022,74835363.125098,0.0
2021-05-07,16.775,16.955,16.44,16.545,5157442.991,1620431999999.0,86122092.451212,110985.0,2422275.059,40477948.043569,0.0
2021-05-08,16.545,17.145,16.51,16.991,4705262.917,1620518399999.0,79298728.302644,102871.0,2498640.664,42133022.048617,0.0
2021-05-09,16.991,17.49,16.683,16.992,5449983.052,1620604799999.0,92850939.213473,152922.0,2561046.155,43650457.435731,0.0
2021-05-10,16.991,18.226,15.4,15.85,10346730.069,1620691199999.0,176504207.326462,209535.0,4953844.312,84616760.24156,0.0
2021-05-11,15.841,16.442,15.222,16.31,5635023.236,1620777599999.0,89793454.253725,119749.0,2969821.394,47322688.769212,0.0
2021-05-12,16.308,17.914,14.419,14.619,12240061.804,1620863999999.0,205510852.393374,263337.0,5594370.401,94045073.179087,0.0
2021-05-13,14.645,17.025,13.526,15.911,13802002.388,1620950399999.0,214804985.343514,241500.0,6181611.035,96004493.654693,0.0
2021-05-14,15.911,16.962,15.181,16.403,6424376.911,1621036799999.0,103207045.860718,117738.0,3055173.909,49097058.707212,0.0
2021-05-15,16.399,16.617,15.152,15.21,5984644.308,1621123199999.0,94332782.874071,115687.0,2771503.65,43692531.536006,0.0
2021-05-16,15.211,17.412,15.168,16.168,10580210.96,1621209599999.0,173060159.34108,191373.0,5134090.533,84069227.468056,0.0
2021-05-17,16.173,16.188,14.688,14.953,8344786.917,1621295999999.0,127048632.723301,137643.0,3673633.786,55974479.059075,0.0
2021-05-18,14.964,16.8,14.643,15.658,8825560.456,1621382399999.0,135561703.335841,149167.0,4064550.077,62498694.863477,0.0
2021-05-19,15.663,15.931,9.1,9.477,24196506.572,1621468799999.0,301669290.793487,357412.0,10949749.643,136324649.596124,0.0
2021-05-20,9.49,11.84,8.088,10.35,23145818.073,1621555199999.0,231916908.523484,333860.0,11311333.187,113378280.450866,0.0
2021-05-21,10.365,11.615,7.165,8.262,20325079.843,1621641599999.0,191301684.065002,322957.0,9031903.133,84214961.954738,0.0
2021-05-22,8.262,8.316,6.514,6.594,20492898.591,1621727999999.0,149754704.201953,286232.0,9387973.369,68696445.366784,0.0
2021-05-23,6.594,7.187,3.91,4.086,42577862.627,1621814399999.0,209803273.886732,461242.0,19853977.067,97818174.734591,0.0
2021-05-24,4.088,7.33,4.08,6.636,73542562.329,1621900799999.0,439888276.318617,717922.0,34859898.64,207347159.327124,0.0
2021-05-25,6.637,7.044,5.173,6.657,52035956.194,1621987199999.0,320408409.840539,553255.0,25059173.244,154416914.318313,0.0
2021-05-26,6.656,7.965,6.357,7.337,42004568.514,1622073599999.0,299844024.465606,494375.0,20918899.939,149396206.435092,0.0
2021-05-27,7.335,7.363,6.401,6.711,24916543.917,1622159999999.0,171238090.403252,299006.0,11966103.808,82334282.262622,0.0
2021-05-28,6.711,6.868,5.362,5.902,29544278.248,1622246399999.0,176483614.740021,326320.0,14246013.902,85156759.626949,0.0
2021-05-29,5.901,6.145,5.08,5.491,15725520.098,1622332799999.0,88318868.768263,180841.0,7511542.054,42312522.05249,0.0
2021-05-30,5.5,6.599,5.083,6.203,19840497.578,1622419199999.0,118535358.748836,225300.0,9924929.377,59338583.294081,0.0
2021-05-31,6.2,6.6,5.584,6.546,23680398.089,1622505599999.0,144450444.640356,258529.0,11713380.939,71530448.823097,0.0
2021-06-01,6.547,6.679,6.077,6.294,13788793.461,1622591999999.0,87459749.662419,153915.0,6756727.065,42882654.716049,0.0
2021-06-02,6.299,7.25,6.07,6.832,15261389.826,1622678399999.0,103847579.566278,183357.0,7470892.77,50820657.277965,0.0
2021-06-03,6.832,7.869,6.684,7.677,22974432.732,1622764799999.0,166345267.24123,246454.0,11792704.437,85396425.169895,0.0
2021-06-04,7.685,7.695,5.842,6.373,33544762.581,1622851199999.0,218347325.713134,355632.0,16747383.234,108934284.326217,0.0
2021-06-05,6.379,6.907,5.741,6.04,19829980.174,1622937599999.0,126254817.390829,188929.0,9569576.064,60997706.595405,0.0
2021-06-06,6.04,6.338,6.022,6.252,7783979.795,1623023999999.0,48240011.788556,85701.0,3926218.93,24352677.180364,0.0
2021-06-07,6.253,6.659,5.5,5.59,15598503.545,1623110399999.0,95874027.967912,151650.0,7230947.76,44549031.313923,0.0
2021-06-08,5.587,5.791,4.896,5.599,18233516.169,1623196799999.0,98327229.32311,160752.0,8778738.594,47444623.172606,0.0
2021-06-09,5.599,6.041,5.25,6.021,14214728.559,1623283199999.0,80393878.894197,127953.0,7079365.733,40078791.129126,0.0
2021-06-10,6.019,6.5,5.562,6.141,18534538.36,1623369599999.0,112243201.693501,163136.0,9166215.689,55590929.000895,0.0
2021-06-11,6.146,6.35,5.452,5.562,12241250.267,1623455999999.0,72508786.158513,121206.0,5758364.236,34166304.005099,0.0
2021-06-12,5.562,5.882,5.156,5.5,11039933.963,1623542399999.0,61414768.603352,103603.0,5406187.923,30109832.207145,0.0
2021-06-13,5.497,6.14,5.349,6.05,7450567.005,1623628799999.0,42327634.635466,69694.0,3708839.894,21120130.876814,0.0
2021-06-14,6.051,6.332,5.821,6.198,8428062.365,1623715199999.0,51195179.152345,84785.0,4123097.711,25046656.878469,0.0
2021-06-15,6.196,6.863,6.056,6.581,13175819.476,1623801599999.0,86385675.199465,132867.0,6867599.57,45035796.573365,0.0
2021-06-16,6.578,6.581,5.962,6.175,8840772.415,1623887999999.0,55120689.866361,87635.0,4134552.95,25782077.183751,0.0
2021-06-17,6.176,6.438,6.024,6.158,5825129.963,1623974399999.0,36311930.600464,57297.0,2804311.951,17494665.317352,0.0
2021-06-18,6.159,6.595,5.684,5.954,10943242.782,1624060799999.0,67292922.742126,97740.0,4981030.358,30724638.603995,0.0
2021-06-19,5.954,6.042,5.644,5.726,4906834.183,1624147199999.0,28586967.551116,47990.0,2292147.083,13355908.883616,0.0
2021-06-20,5.726,5.9,5.375,5.859,5248222.559,1624233599999.0,29703839.733549,52440.0,2475931.558,14035934.488196,0.0
2021-06-21,5.863,5.912,4.771,4.838,10456612.437,1624319999999.0,55180615.492119,96898.0,4593865.494,24274004.723636,0.0
2021-06-22,4.835,5.47,4.516,4.728,16287915.606,1624406399999.0,79440568.760543,164116.0,7840661.491,38161170.805271,0.0
2021-06-23,4.727,5.775,4.605,5.19,13528112.907,1624492799999.0,71958191.342689,120851.0,6042316.142,32066792.70133,0.0
2021-06-24,5.198,5.607,4.995,5.477,7187923.79,1624579199999.0,38330985.862231,68210.0,3336660.308,17775710.194848,0.0
2021-06-25,5.477,5.593,4.847,5.05,7928720.511,1624665599999.0,41371943.455143,73406.0,3655977.131,19127300.463007,0.0
2021-06-26,5.05,5.296,4.894,5.201,5144164.339,1624751999999.0,26106665.953453,47221.0,2497726.294,12694207.508174,0.0
2021-06-27,5.205,5.441,5.073,5.417,3054229.621,1624838399999.0,15958033.655864,32975.0,1572481.103,8227500.105867,0.0
2021-06-28,5.416,5.69,5.199,5.537,5446198.658,1624924799999.0,29485933.313168,53075.0,2544934.205,13777952.104557,0.0
2021-06-29,5.537,6.325,5.405,6.008,8512833.524,1625011199999.0,50213340.065066,86211.0,4167436.295,24500401.434603,0.0
2021-06-30,6.008,6.68,5.674,6.565,10082204.006,1625097599999.0,62133128.636787,113733.0,5072954.905,31286492.970606,0.0
2021-07-01,6.568,6.57,5.712,5.882,7788824.684,1625183999999.0,46878414.788649,77071.0,3785724.997,22781594.463917,0.0
2021-07-02,5.881,6.087,5.503,5.711,5173174.087,1625270399999.0,29439279.777287,55545.0,2304678.56,13157992.399589,0.0
2021-07-03,5.715,5.984,5.613,5.807,2875743.87,1625356799999.0,16740769.998849,33678.0,1437108.058,8366656.053098,0.0
2021-07-04,5.809,6.23,5.661,5.959,4892029.631,1625443199999.0,29287807.686475,54304.0,2396655.809,14357927.930489,0.0
2021-07-05,5.957,6.2,5.6,6.015,5216499.162,1625529599999.0,30478326.295863,56795.0,2506434.389,14662780.343982,0.0
2021-07-06,6.015,6.568,5.964,6.529,9403857.886,1625615999999.0,58698181.145695,106022.0,4770891.889,29823693.777958,0.0
2021-07-07,6.525,7.7,6.44,7.104,17137934.023,1625702399999.0,123042038.290466,212476.0,8369385.53,60139341.766121,0.0
2021-07-08,7.1,7.214,6.407,6.708,12714171.666,1625788799999.0,86108906.546438,138791.0,6042819.507,40961688.371406,0.0
2021-07-09,6.708,8.45,6.439,8.103,20640778.758,1625875199999.0,156963545.33756,268013.0,10198945.417,77545804.096308,0.0
2021-07-10,8.102,8.6,7.462,7.893,13108450.952,1625961599999.0,104134484.99796,164192.0,6439297.404,51219308.206592,0.0
2021-07-11,7.893,8.728,7.886,8.444,12097308.515,1626047999999.0,101212631.218111,160294.0,6078557.937,50867762.640268,0.0
2021-07-12,8.445,8.57,7.533,7.864,9149241.833,1626134399999.0,73046675.794729,112648.0,4463658.877,35645327.316951,0.0
2021-07-13,7.864,8.15,6.955,7.119,8603893.098,1626220799999.0,64455009.040681,105921.0,4373999.707,32759008.109477,0.0
2021-07-14,7.118,7.456,6.578,6.933,14992845.592,1626307199999.0,105168958.600356,163586.0,7405943.209,51971274.071184,0.0
2021-07-15,6.933,7.222,6.491,6.665,7521396.691,1626393599999.0,51390571.547525,88873.0,3530241.107,24136159.185432,0.0
2021-07-16,6.667,7.009,6.214,6.56,8465474.652,1626479999999.0,56310658.319219,95538.0,4072617.272,27149727.998568,0.0
2021-07-17,6.56,6.795,6.26,6.495,6087501.538,1626566399999.0,39267260.545125,64382.0,2899025.496,18720797.8114,0.0
2021-07-18,6.492,6.892,6.464,6.483,4442784.929,1626652799999.0,29615395.022251,51280.0,2088740.805,13937612.477024,0.0
2021-07-19,6.489,6.532,5.924,5.97,5354185.406,1626739199999.0,32917879.039774,51224.0,2162899.684,13315283.30225,0.0
2021-07-20,5.974,6.057,5.589,5.867,5674011.602,1626825599999.0,32925289.198282,63774.0,2631351.624,15279171.640781,0.0
2021-07-21,5.867,6.796,5.691,6.602,8025391.81,1626911999999.0,50869920.110569,87547.0,4068111.963,25777149.273613,0.0
2021-07-22,6.615,7.499,6.569,7.334,8525510.148,1626998399999.0,60356569.780147,93897.0,4171264.637,29530780.050497,0.0
2021-07-23,7.336,7.933,6.879,7.886,10117108.215,1627084799999.0,73931515.818107,108241.0,4940863.865,36161500.76834,0.0
2021-07-24,7.894,8.505,7.494,8.476,11323595.123,1627171199999.0,90934136.366154,126861.0,5211672.245,41834470.2697,0.0
2021-07-25,8.484,8.522,7.783,8.251,8743741.677,1627257599999.0,71246609.677499,94535.0,4131168.355,33687028.992234,0.0
2021-07-26,8.252,9.792,8.185,8.502,16590614.236,1627343999999.0,149521156.126709,202533.0,7756833.841,69886047.726554,0.0
2021-07-27,8.504,9.592,8.056,9.516,12540199.217,1627430399999.0,111513216.949566,154628.0,5908052.092,52544655.912388,0.0
2021-07-28,9.516,11.133,9.133,10.981,14833524.661,1627516799999.0,148518780.340781,207452.0,6959014.558,69617937.303506,0.0
2021-07-29,10.986,11.8,10.651,11.047,12654374.885,1627603199999.0,140810665.565595,180537.0,6033360.711,67192998.977204,0.0
2021-07-30,11.046,11.121,10.031,10.85,11732728.987,1627689599999.0,123298299.673606,147668.0,5637622.245,59173246.803058,0.0
2021-07-31,10.846,11.32,10.537,10.735,6674175.898,1627775999999.0,72698560.325717,93382.0,3209158.906,34993539.72808,0.0
2021-08-01,10.734,12.2,10.523,11.966,9378217.098,1627862399999.0,106128302.706775,150401.0,4641355.796,52592067.215286,0.0
2021-08-02,11.974,12.481,11.14,12.325,8436957.423,1627948799999.0,99477306.376781,141554.0,4138580.808,48845185.255068,0.0
2021-08-03,12.321,14.89,11.65,14.771,16032058.311,1628035199999.0,214421456.748659,299657.0,8002630.94,107199057.253122,0.0
2021-08-04,14.771,15.572,13.541,14.519,13919750.67,1628121599999.0,202406475.788325,257298.0,6569596.504,95526689.74039,0.0
2021-08-05,14.51,15.149,13.714,14.558,9704938.833,1628207999999.0,139984953.417411,156362.0,4570234.007,65964395.011835,0.0
2021-08-06,14.554,15.29,14.141,14.519,8097824.702,1628294399999.0,119452302.921602,154191.0,3968644.225,58567803.130417,0.0
2021-08-07,14.512,15.662,13.911,14.616,9344410.511,1628380799999.0,138033513.672908,184609.0,4767770.875,70466290.72634,0.0
2021-08-08,14.621,14.738,13.109,13.415,6699721.593,1628467199999.0,93343812.642109,115716.0,3223833.945,44946932.414644,0.0
2021-08-09,13.407,14.36,12.966,13.928,7164094.769,1628553599999.0,98780717.861303,111191.0,3629420.415,50061963.581875,0.0
2021-08-10,13.922,16.909,13.731,16.7,9556692.109,1628639999999.0,145041252.717946,238078.0,5025992.515,76287039.344295,0.0
2021-08-11,16.706,18.062,16.508,16.956,7966073.958,1628726399999.0,136482812.816736,221742.0,3924673.777,67275435.504579,0.0
2021-08-12,16.949,17.164,15.817,16.599,6430428.13,1628812799999.0,106073267.045152,156258.0,3109369.14,51331417.925949,0.0
2021-08-13,16.6,17.81,16.567,17.787,3512487.721,1628899199999.0,60574476.088294,111100.0,1814161.791,31283222.179659,0.0
2021-08-14,17.803,17.844,16.845,17.388,3058076.125,1628985599999.0,53003292.094806,80179.0,1478829.282,25640312.411536,0.0
2021-08-15,17.378,19.65,16.5,19.262,5405093.825,1629071999999.0,97468837.796905,160753.0,2713734.574,48986418.284696,0.0
2021-08-16,19.265,23.961,19.152,21.904,13853981.314,1629158399999.0,303721549.118846,512523.0,6858950.547,150346342.428497,0.0
2021-08-17,21.904,26.906,20.81,25.309,17362698.03,1629244799999.0,433598052.49653,614988.0,8377889.089,209365494.511957,0.0
2021-08-18,25.319,31.884,22.55,30.715,17912523.75,1629331199999.0,486157326.249865,692996.0,8913692.987,242324747.806831,0.0
2021-08-19,30.729,33.5,28.62,29.43,15334852.607,1629417599999.0,472112906.559318,580872.0,7469214.119,230002853.175956,0.0
2021-08-20,29.429,31.45,28.526,30.658,8872877.82,1629503999999.0,264583210.671356,373052.0,4430140.279,132086461.205345,0.0
2021-08-21,30.664,30.694,27.04,27.529,6558157.838,1629590399999.0,188295786.580141,282998.0,3013809.209,86587154.982784,0.0
2021-08-22,27.531,28.839,26.31,28.0,5678898.09,1629676799999.0,156206363.689571,342214.0,2590831.858,71308222.388845,0.0
2021-08-23,28.0,30.359,27.199,29.92,8271195.423,1629763199999.0,238019519.963526,399445.0,4005643.097,115333873.004209,0.0
2021-08-24,29.938,34.666,29.503,29.607,18197335.341,1629849599999.0,588297379.277556,1333733.0,8969158.799,289933097.162789,0.0
2021-08-25,29.631,31.23,28.368,30.041,8728526.327,1629935999999.0,260756495.523067,661239.0,4393140.601,131273516.087459,0.0
2021-08-26,30.04,30.127,25.88,26.97,8210545.643,1630022399999.0,225274057.566274,262733.0,3952204.001,108497253.825837,0.0
2021-08-27,26.96,32.9,26.37,32.64,10662989.424,1630108799999.0,321942649.212813,550524.0,5292468.43,159888764.739013,0.0
2021-08-28,32.65,35.86,30.44,35.05,10889600.609,1630195199999.0,363445398.845133,721739.0,5269438.05,175979082.535723,0.0
2021-08-29,35.05,36.89,33.17,33.26,7886586.658,1630281599999.0,274526828.912575,583870.0,3784310.134,131893073.695245,0.0
2021-08-30,33.28,35.99,32.02,33.44,10292874.65,1630367999999.0,350694367.6831,541456.0,4801066.06,163708697.2217,0.0
2021-08-31,33.43,34.47,30.53,31.57,7583263.9,1630454399999.0,250516881.9234,493542.0,3608833.35,119291151.4246,0.0
2021-09-01,31.54,32.52,30.5,31.75,6896391.06,1630540799999.0,216811653.7506,267111.0,3480253.62,109547050.6497,0.0
2021-09-02,31.74,33.87,31.32,32.79,5672220.51,1630627199999.0,183946911.505,215839.0,2843559.81,92231447.2589,0.0
2021-09-03,32.79,33.89,30.95,31.72,6130038.08,1630713599999.0,199534185.7393,250108.0,3176050.83,103407348.8404,0.0
2021-09-04,31.73,32.47,30.97,31.39,3178756.97,1630799999999.0,100824887.2384,128269.0,1483564.11,47071289.6349,0.0
2021-09-05,31.39,35.35,31.08,34.45,6080284.88,1630886399999.0,203256596.3153,478531.0,3026561.05,101184392.9715,0.0
2021-09-06,34.45,35.08,30.03,32.33,6985052.43,1630972799999.0,227995954.2451,626463.0,3540695.26,115589331.9251,0.0
2021-09-07,32.32,32.6,22.95,27.92,14078466.266,1631059199999.0,391869896.632739,520909.0,6744965.796,187521189.385013,0.0
2021-09-08,27.92,32.16,24.88,29.46,11977439.671,1631145599999.0,344897244.588962,459539.0,5994883.981,173058987.450432,0.0
2021-09-09,29.45,31.5,28.21,30.6,8269895.77,1631231999999.0,246391842.2064,318795.0,4100904.65,122268318.6239,0.0
2021-09-10,30.59,44.0,30.56,43.35,29504108.376,1631318399999.0,1110022379.061978,1473689.0,15019824.264,565373669.500908,0.0
2021-09-11,43.35,45.01,37.5,39.19,14826198.219,1631404799999.0,599418344.077162,657220.0,7483124.802,302533931.161262,0.0
2021-09-12,39.18,43.54,37.8,39.26,10383965.33,1631491199999.0,421717947.6517,484299.0,5108947.06,207576454.16,0.0
2021-09-13,39.26,39.62,33.62,37.18,10577692.31,1631577599999.0,385568833.8725,446972.0,5266646.64,191995170.7555,0.0
2021-09-14,37.18,38.0,34.59,35.69,6284439.98,1631663999999.0,227336761.9567,248492.0,3215749.89,116483043.4968,0.0
2021-09-15,35.69,37.68,34.91,36.71,5497656.17,1631750399999.0,200602407.691,223834.0,2983317.61,108966053.7479,0.0
2021-09-16,36.71,39.77,35.13,37.45,9389644.51,1631836799999.0,354244197.0299,368027.0,4799435.61,180928481.6291,0.0
2021-09-17,37.44,39.21,34.05,34.46,6782357.47,1631923199999.0,243199769.5424,250726.0,3275870.92,117741271.0547,0.0
2021-09-18,34.46,36.35,34.1,34.78,4564732.29,1632009599999.0,161098889.9473,170651.0,2399518.52,84791651.4087,0.0
2021-09-19,34.78,36.47,32.02,32.92,6884350.3,1632095999999.0,239222156.0467,246711.0,3346195.52,116436487.7443,0.0
2021-09-20,32.94,33.04,26.18,27.53,14707960.66,1632182399999.0,429373435.8322,476560.0,6849763.72,199873360.8136,0.0
2021-09-21,27.52,29.5,23.95,25.16,13547038.77,1632268799999.0,364842185.6959,387349.0,6353439.0,171395400.1511,0.0
2021-09-22,25.15,33.59,25.05,33.17,10979477.0,1632355199999.0,316392575.7002,319314.0,5794902.39,166758896.0738,0.0
2021-09-23,33.16,36.8,32.34,36.16,10485040.08,1632441599999.0,362520176.0143,379472.0,5134209.71,177469157.3438,0.0
2021-09-24,36.15,41.28,32.45,40.16,21039332.61,1632527999999.0,762296952.0266,829927.0,10428871.77,377951875.3399,0.0
2021-09-25,40.15,40.88,36.05,37.87,10372028.93,1632614399999.0,394889792.2929,375035.0,5043884.31,191981527.7686,0.0
2021-09-26,37.87,37.94,33.26,34.69,9014712.62,1632700799999.0,320781967.9167,323569.0,4333040.63,154193904.8724,0.0
2021-09-27,34.67,39.65,33.81,36.8,10246643.69,1632787199999.0,383586654.9513,408809.0,5083153.06,190143974.0337,0.0
2021-09-28,36.79,37.25,32.95,33.14,7613730.46,1632873599999.0,268274324.6232,246030.0,3695933.93,130334039.0598,0.0
2021-09-29,33.14,36.36,33.0,34.15,7064439.1,1632959999999.0,244992323.2301,214929.0,3567026.23,123772126.7389,0.0
2021-09-30,34.16,38.97,33.8,38.83,7140444.02,1633046399999.0,258551120.136,298502.0,3679148.94,133257607.692,0.0
2021-10-01,38.84,40.11,36.45,37.76,8251600.0,1633132799999.0,315047901.575,314114.0,4240530.5,162067937.5174,0.0
2021-10-02,37.77,43.6,37.1,41.49,8652783.52,1633219199999.0,346756225.5778,381088.0,4309420.5,172671841.605,0.0
2021-10-03,41.5,46.17,41.49,42.79,10704397.302,1633305599999.0,468137442.162898,501781.0,5293908.364,231728124.264778,0.0
2021-10-04,42.77,49.54,41.56,46.8,12892668.753,1633391999999.0,598894187.871623,675492.0,6303524.97,292836873.354813,0.0
2021-10-05,46.81,47.3,43.39,44.66,6420680.53,1633478399999.0,290826634.0323,360454.0,3102588.39,140580226.3111,0.0
2021-10-06,44.69,44.82,40.38,42.02,6913304.84,1633564799999.0,295699051.1925,289082.0,3320252.79,142183083.4467,0.0
2021-10-07,42.01,47.5,40.86,46.58,6857474.75,1633651199999.0,306861104.5819,454296.0,3259115.27,145914938.0129,0.0
2021-10-08,46.57,48.56,43.07,43.3,6068454.98,1633737599999.0,277886783.0779,498777.0,2952346.01,135199376.3046,0.0
2021-10-09,43.3,44.44,42.07,42.5,3206419.49,1633823999999.0,139553201.4685,155821.0,1558667.39,67853679.2632,0.0
2021-10-10,42.49,43.27,39.01,39.23,3977798.2,1633910399999.0,165204733.1793,179473.0,1843117.06,76546566.276,0.0
2021-10-11,39.23,40.74,37.5,39.15,5036412.83,1633996799999.0,197415281.6976,208689.0,2568161.06,100722042.3847,0.0
2021-10-12,39.16,39.17,35.26,37.59,6482099.45,1634083199999.0,240878193.7754,249184.0,3217330.71,119631031.6496,0.0
2021-10-13,37.58,38.92,34.86,36.6,5889598.98,1634169599999.0,215502612.8816,206159.0,2948656.7,108034287.1156,0.0
2021-10-14,36.59,39.75,36.14,37.15,5969678.97,1634255999999.0,227413833.0869,246577.0,3067912.49,116903334.3099,0.0
2021-10-15,37.15,38.0,35.67,36.98,4660171.31,1634342399999.0,172667415.3192,191204.0,2363643.32,87615861.023,0.0
2021-10-16,36.98,38.43,36.24,36.63,2844496.36,1634428799999.0,105944949.4535,138473.0,1438399.71,53604023.6672,0.0
2021-10-17,36.62,37.4,34.98,36.18,3006957.05,1634515199999.0,109472972.6636,150251.0,1469274.48,53526805.5634,0.0
2021-10-18,36.19,37.35,35.29,35.83,2884626.06,1634601599999.0,104327854.2667,119189.0,1430719.65,51793536.0775,0.0
2021-10-19,35.81,38.4,35.57,37.71,3425151.99,1634687999999.0,125798732.476,141373.0,1734330.17,63722780.7429,0.0
2021-10-20,37.72,44.0,37.67,42.63,7844276.66,1634774399999.0,319051559.197,551494.0,3838371.55,155654502.8344,0.0
2021-10-21,42.63,43.65,38.99,40.95,7773715.75,1634860799999.0,321662578.3267,403920.0,3804685.54,157485346.3058,0.0
2021-10-22,40.94,45.54,40.88,43.69,9287487.93,1634947199999.0,406064719.4371,591663.0,4563516.43,199406585.8972,0.0
2021-10-23,43.7,44.1,41.46,43.12,3972694.14,1635033599999.0,170196397.7287,224179.0,1964354.34,84195944.6719,0.0
2021-10-24,43.11,43.56,39.92,41.39,3685849.75,1635119999999.0,152583615.3501,211185.0,1713205.94,70971409.6775,0.0
2021-10-25,41.39,43.8,41.21,42.86,3607499.0,1635206399999.0,154474117.2215,186163.0,1866083.16,79911689.0096,0.0
2021-10-26,42.86,47.0,42.68,43.87,6929436.68,1635292799999.0,310157565.1703,452595.0,3556998.71,159095638.7015,0.0
2021-10-27,43.9,44.9,38.0,39.91,9008935.16,1635379199999.0,370637791.7953,463796.0,4504886.12,185687827.8663,0.0
2021-10-28,39.9,43.69,39.54,42.94,4870457.93,1635465599999.0,202240736.418,225022.0,2507612.43,104168090.7669,0.0
2021-10-29,42.96,46.0,42.19,45.69,3675447.54,1635551999999.0,161967804.2537,215389.0,1856574.96,81862563.1296,0.0
2021-10-30,45.7,45.75,42.41,43.31,2504175.13,1635638399999.0,109454075.9515,126944.0,1177239.78,51464575.8801,0.0
2021-10-31,43.3,43.64,41.18,42.89,2552995.14,1635724799999.0,108112060.1885,123344.0,1252584.69,53056744.471,0.0
2021-11-01,42.9,44.35,41.53,44.04,2774941.84,1635811199999.0,119372971.5636,153369.0,1363910.04,58707044.5073,0.0
2021-11-02,44.06,45.48,42.75,44.75,2745930.15,1635897599999.0,121349115.5081,186288.0,1377429.94,60948882.1034,0.0
2021-11-03,44.75,49.73,43.83,47.99,6745823.999,1635983999999.0,317235088.883313,441958.0,3435493.719,161567220.786013,0.0
2021-11-04,47.99,52.19,46.03,51.9,6170582.755,1636070399999.0,301755190.424121,370548.0,3143171.356,154053259.714641,0.0
2021-11-05,51.9,53.18,48.76,49.91,3677699.173,1636156799999.0,186600111.650983,223351.0,1743077.103,88475705.706683,0.0
2021-11-06,49.9,51.2,47.44,51.17,2628157.51,1636243199999.0,130099195.0183,140029.0,1324572.51,65621759.5211,0.0
2021-11-07,51.17,52.64,49.99,50.53,1977815.81,1636329599999.0,101759272.369,128673.0,966346.04,49758686.4909,0.0
2021-11-08,50.54,54.8,48.97,54.14,3794299.036,1636415999999.0,197566887.824867,230150.0,1894031.973,98698066.213067,0.0
2021-11-09,54.12,54.21,50.03,50.24,3082760.88,1636502399999.0,160559017.9906,172933.0,1494256.75,77901454.6164,0.0
2021-11-10,50.23,54.95,44.19,48.73,5992281.46,1636588799999.0,300617393.7009,397860.0,2874564.44,144650075.5035,0.0
2021-11-11,48.73,51.95,47.41,50.45,3285986.49,1636675199999.0,165146035.3147,193234.0,1692392.86,85100300.7154,0.0
2021-11-12,50.45,50.63,47.0,49.55,2993491.19,1636761599999.0,145793660.4364,172274.0,1441295.52,70231740.348,0.0
2021-11-13,49.55,53.43,48.31,52.07,2510678.95,1636847999999.0,128173337.6682,197301.0,1167517.42,59497757.1271,0.0
2021-11-14,52.07,52.49,49.07,51.07,1588143.78,1636934399999.0,80629380.3434,137965.0,752412.62,38252564.5365,0.0
2021-11-15,51.07,51.6,48.03,48.13,1932632.4,1637020799999.0,96553914.1807,148374.0,983093.62,49154245.1158,0.0
2021-11-16,48.14,48.14,41.02,43.24,6173976.64,1637107199999.0,276146487.4496,378446.0,2890504.18,129394439.3532,0.0
2021-11-17,43.22,43.91,40.45,43.2,5073954.47,1637193599999.0,215279306.4471,224247.0,2556230.6,108455305.9958,0.0
2021-11-18,43.21,45.18,38.75,40.28,6530290.66,1637279999999.0,272518446.6853,291634.0,3119134.93,130142856.1149,0.0
2021-11-19,40.28,43.48,39.57,42.35,3917019.52,1637366399999.0,163290614.7016,179459.0,1991384.24,83039257.8349,0.0
2021-11-20,42.37,45.54,41.37,45.23,2702695.1,1637452799999.0,116785441.7741,127298.0,1400745.25,60614894.1029,0.0
2021-11-21,45.23,45.37,42.58,43.51,2257891.63,1637539199999.0,98555606.8204,116220.0,1073387.5,46881938.9223,0.0
2021-11-22,43.51,43.91,40.38,41.09,3089854.18,1637625599999.0,128300190.7752,143894.0,1419042.07,58942107.8504,0.0
2021-11-23,41.09,43.44,39.75,42.71,2364527.72,1637711999999.0,98233887.7053,122380.0,1239629.16,51557349.6281,0.0
2021-11-24,42.7,43.03,37.82,38.56,3711044.81,1637798399999.0,147418472.7296,168936.0,1655832.15,65776250.8278,0.0
2021-11-25,38.57,43.89,38.4,43.56,3207131.25,1637884799999.0,132590478.9263,159401.0,1558844.02,64430204.0524,0.0
2021-11-26,43.56,45.13,37.88,41.13,7705880.35,1637971199999.0,318945134.5927,357184.0,3641804.09,150742231.9691,0.0
2021-11-27,41.1,44.4,40.89,43.87,3243848.23,1638057599999.0,139403213.6324,161237.0,1544528.71,66429190.7924,0.0
2021-11-28,43.87,50.43,42.13,50.11,8412378.56,1638143999999.0,389941549.4088,442459.0,4093405.18,189832506.2987,0.0
2021-11-29,50.15,52.88,47.67,51.62,5155750.77,1638230399999.0,258096787.6,285394.0,2443358.29,122494249.9364,0.0
2021-11-30,51.62,60.08,50.47,59.59,9513976.23,1638316799999.0,533990435.334678,660202.0,4844274.464,271977224.628188,0.0
2021-12-01,59.59,64.8,55.68,63.97,8075938.793,1638403199999.0,486690841.231669,587384.0,4063453.181,245062302.296069,0.0
2021-12-02,63.96,66.48,61.01,66.28,7745843.33,1638489599999.0,494551746.408288,546402.0,3709679.204,236927477.054818,0.0
2021-12-03,66.28,70.48,62.86,63.45,9415346.293,1638575999999.0,636944194.401629,685380.0,4598449.113,311457967.740589,0.0
2021-12-04,63.47,78.22,49.65,75.15,18564697.729,1638662399999.0,1162153755.182463,1290471.0,9130655.169,575428241.181873,0.0
2021-12-05,75.11,78.29,65.15,68.09,13341289.96,1638748799999.0,954722866.0212,1020784.0,6584814.01,471396860.1891,0.0
2021-12-06,68.12,68.31,59.77,66.95,12882096.14,1638835199999.0,826048592.5529,767435.0,6411855.5,411607503.6169,0.0
2021-12-07,66.94,74.44,65.59,68.72,8241422.43,1638921599999.0,576126680.3265,536348.0,4128074.52,288764735.5575,0.0
2021-12-08,68.72,75.92,65.03,75.1,7261926.43,1639007999999.0,508429138.8638,526608.0,3888173.82,272851503.2692,0.0
2021-12-09,75.1,76.72,65.15,66.44,8182692.8,1639094399999.0,584074467.5883,545079.0,4058539.58,289622201.2322,0.0
2021-12-10,66.44,72.05,60.45,60.86,7638139.64,1639180799999.0,511360602.1661,483662.0,3740789.26,250921732.224,0.0
2021-12-11,60.84,63.94,57.68,60.14,5533987.86,1639267199999.0,340584917.5403,310556.0,2773278.47,170823736.9598,0.0
2021-12-12,60.17,62.57,57.45,61.98,4018992.05,1639353599999.0,241654497.8455,237121.0,2057885.42,123820473.6569,0.0
2021-12-13,62.0,62.56,52.22,52.96,6537601.33,1639439999999.0,371804986.0339,347028.0,3090359.67,175826299.5321,0.0
2021-12-14,52.93,60.66,51.84,60.19,7414708.02,1639526399999.0,421821656.7092,363606.0,3760389.66,214063563.9276,0.0
2021-12-15,60.16,63.99,54.3,61.66,6788195.09,1639612799999.0,401570281.0154,464348.0,3498442.67,207074861.9463,0.0
2021-12-16,61.64,68.5,61.0,64.24,5537310.01,1639699199999.0,359690642.212,451940.0,2742064.89,178098631.2773,0.0
2021-12-17,64.24,69.12,60.7,65.6,5299994.0,1639785599999.0,344356185.489,425708.0,2676022.06,174048114.0118,0.0
2021-12-18,65.59,74.42,62.37,74.23,5689823.53,1639871999999.0,394696665.5097,484295.0,2600535.03,179958167.5482,0.0
2021-12-19,74.21,78.99,72.22,78.18,5254924.609,1639958399999.0,391752689.356828,474243.0,2453049.489,183160007.607528,0.0
2021-12-20,78.2,83.0,72.15,82.06,10021189.296,1640044799999.0,779998659.625706,826278.0,4890858.686,381201519.960706,0.0
2021-12-21,82.08,89.0,79.52,87.29,6660734.86,1640131199999.0,562598050.002964,595156.0,3296031.01,278611448.553664,0.0
2021-12-22,87.28,98.2,84.19,85.38,10936331.813,1640217599999.0,999695616.311974,983137.0,5425432.337,496360743.580674,0.0
2021-12-23,85.35,95.31,84.26,94.39,7795048.49,1640303999999.0,699615897.7915,727179.0,3922179.73,352105562.6019,0.0
2021-12-24,94.38,101.5,93.72,95.78,6611690.734,1640390399999.0,647289964.56954,667269.0,3369015.004,330083277.37314,0.0
2021-12-25,95.82,100.98,95.1,98.31,4500174.43,1640476799999.0,440904247.4756,441784.0,2316727.9,227150121.5399,0.0
2021-12-26,98.28,101.0,95.8,99.58,3394248.52,1640563199999.0,334474819.4812,336852.0,1595733.92,157287577.6664,0.0
2021-12-27,99.59,103.6,89.52,90.9,5186436.15,1640649599999.0,502236388.6246,568115.0,2551813.64,247314275.6865,0.0
2021-12-28,90.9,93.81,83.5,85.16,5560457.54,1640735999999.0,496337932.2423,460413.0,2818775.71,251870680.4437,0.0
2021-12-29,85.21,87.87,82.43,84.12,4101179.95,1640822399999.0,350366921.372,349785.0,2017435.93,172433582.4063,0.0
2021-12-30,84.11,87.85,81.11,84.73,3303017.69,1640908799999.0,279182622.9465,303691.0,1628240.63,137693334.3438,0.0
2021-12-31,84.72,91.07,84.14,85.46,3379937.2,1640995199999.0,295834655.7879,322227.0,1735923.69,152048537.8228,0.0
2022-01-01,85.51,91.72,85.46,91.69,2283952.54,1641081599999.0,202903035.5114,244227.0,1160058.88,103047240.932,0.0
2022-01-02,91.69,92.54,87.88,89.45,1657501.37,1641167999999.0,149672527.092,196169.0,774422.06,69938746.7158,0.0
2022-01-03,89.43,93.96,88.43,88.85,3044039.44,1641254399999.0,278390023.319,308124.0,1457666.23,133278234.7515,0.0
2022-01-04,88.84,89.5,84.34,84.53,2917262.06,1641340799999.0,254994480.6027,258611.0,1546274.15,135188802.9085,0.0
2022-01-05,84.53,87.41,73.28,78.47,4095970.46,1641427199999.0,333196135.7661,348182.0,1992734.2,162200878.584,0.0
2022-01-06,78.45,80.35,74.0,78.41,4263502.51,1641513599999.0,327771934.9733,286115.0,2100411.19,161519871.3093,0.0
2022-01-07,78.42,78.69,67.93,68.8,6781595.86,1641599999999.0,485266498.096,515399.0,3237873.18,231729104.1805,0.0
2022-01-08,68.8,71.7,62.46,66.96,5301187.23,1641686399999.0,355264654.5644,350773.0,2603568.5,174467197.7513,0.0
2022-01-09,66.95,75.67,65.61,74.47,5298915.12,1641772799999.0,379198013.145,374436.0,2615210.97,186824350.4804,0.0
2022-01-10,74.46,74.7,65.1,69.44,6682838.66,1641859199999.0,466177033.8202,481345.0,3325915.06,232018810.1175,0.0
2022-01-11,69.44,74.99,68.33,73.48,4259230.02,1641945599999.0,306901604.5927,294852.0,2217841.64,159612785.3694,0.0
2022-01-12,73.48,82.97,72.46,81.88,5040378.35,1642031999999.0,391801488.4354,363755.0,2407580.4,187111440.1253,0.0
2022-01-13,81.87,83.86,77.77,78.34,4840737.79,1642118399999.0,392043534.8702,429711.0,2354283.3,190640659.4637,0.0
2022-01-14,78.34,83.06,76.35,81.49,3258489.38,1642204799999.0,259516256.8322,305211.0,1611641.76,128487549.1936,0.0
2022-01-15,81.48,87.9,80.38,87.19,2611522.92,1642291199999.0,219342907.8737,294914.0,1282610.17,107867162.2192,0.0
2022-01-16,87.19,87.59,84.32,87.1,2387141.6,1642377599999.0,205351910.5706,244788.0,1112932.16,95768375.5011,0.0
2022-01-17,87.09,87.23,75.94,77.09,3918824.27,1642463999999.0,316551130.728,317582.0,1960203.39,158089813.4257,0.0
2022-01-18,77.1,81.39,73.95,80.71,4406118.5,1642550399999.0,340427865.3499,320651.0,2248291.32,173813565.0116,0.0
2022-01-19,80.7,82.08,75.74,81.1,4229941.9,1642636799999.0,335500380.8734,377221.0,2048596.89,162598252.77,0.0
2022-01-20,81.09,84.95,76.24,77.33,4115722.22,1642723199999.0,334321970.6449,366486.0,2005905.91,163102773.9797,0.0
2022-01-21,77.31,80.83,61.66,64.73,11813040.21,1642809599999.0,851330810.6616,889131.0,5535022.24,398460361.6865,0.0
2022-01-22,64.72,65.98,53.03,62.87,13915696.02,1642895999999.0,847112456.1659,962899.0,6581176.09,401388314.1315,0.0
2022-01-23,62.89,70.44,62.76,69.75,7698221.13,1642982399999.0,516851875.0264,545990.0,3838225.25,257699387.4835,0.0
2022-01-24,69.75,69.81,59.13,66.0,11454255.53,1643068799999.0,733741363.7274,774429.0,5669027.68,363534776.5059,0.0
2022-01-25,65.99,67.2,61.65,62.87,6101561.77,1643155199999.0,393695264.7201,421469.0,3043867.05,196424338.4606,0.0
2022-01-26,62.87,66.76,57.55,58.75,7565436.07,1643241599999.0,473763617.3339,554949.0,3738500.56,234334154.2489,0.0
2022-01-27,58.76,61.7,50.64,54.15,7972043.99,1643327999999.0,450071190.5118,499655.0,3897338.65,220089528.1227,0.0
2022-01-28,54.15,55.62,47.44,50.39,12376951.82,1643414399999.0,627069630.872,736199.0,6252437.56,316752953.5532,0.0
2022-01-29,50.35,53.68,50.05,50.94,6976347.37,1643500799999.0,361470075.2052,430415.0,3508884.52,181895438.4497,0.0
2022-01-30,50.92,51.42,45.51,46.29,5214306.23,1643587199999.0,253345063.0986,338465.0,2582461.81,125399368.7057,0.0
2022-01-31,46.29,52.62,43.44,52.16,9143537.66,1643673599999.0,440736455.9821,529064.0,4396701.75,211755728.9476,0.0
2022-02-01,52.15,54.2,50.41,52.18,5975648.22,1643759999999.0,312526315.6445,369023.0,3017398.87,157935061.0652,0.0
2022-02-02,52.17,53.45,47.25,47.56,5613387.93,1643846399999.0,284578899.3946,345079.0,2788800.56,141440641.5709,0.0
2022-02-03,47.55,51.5,46.5,51.16,5596942.59,1643932799999.0,273286829.7216,347627.0,2760483.21,134830112.601,0.0
2022-02-04,51.14,54.06,48.99,53.93,7313927.63,1644019199999.0,376422868.5516,383431.0,4036066.87,207779878.2413,0.0
2022-02-05,53.93,58.15,53.42,55.36,5717585.39,1644105599999.0,320356287.039,381878.0,2928833.52,164124095.8617,0.0
2022-02-06,55.36,57.21,53.08,56.08,3685761.85,1644191999999.0,202808297.3376,244141.0,1845445.29,101578814.2887,0.0
2022-02-07,56.09,60.64,54.34,59.41,6282786.47,1644278399999.0,362713691.1863,404613.0,3283237.53,189634787.645,0.0
2022-02-08,59.4,59.89,54.79,57.26,5410233.47,1644364799999.0,309359814.1313,357416.0,2688443.96,153752669.3706,0.0
2022-02-09,57.26,57.96,54.26,57.52,3836282.21,1644451199999.0,216652135.6136,240706.0,1963296.78,110918720.9323,0.0
2022-02-10,57.51,57.58,51.84,52.18,5313652.8,1644537599999.0,293848191.5752,347192.0,2536968.52,140433959.0918,0.0
2022-02-11,52.22,54.8,49.79,50.35,4385944.27,1644623999999.0,231638871.9768,278668.0,2167024.0,114510774.7901,0.0
2022-02-12,50.34,53.68,49.39,52.15,3414907.74,1644710399999.0,175932127.6599,232791.0,1700293.49,87617609.7058,0.0
2022-02-13,52.14,53.77,51.02,51.65,2278930.44,1644796799999.0,119753509.7191,175088.0,1129716.22,59393526.7579,0.0
2022-02-14,51.66,54.6,51.41,53.8,2983010.65,1644883199999.0,157963723.4773,216878.0,1536793.16,81381804.1063,0.0
2022-02-15,53.8,57.1,53.76,56.82,2817207.29,1644969599999.0,157074754.135,211460.0,1507249.51,84044001.5896,0.0
2022-02-16,56.84,58.28,55.12,56.04,2445821.58,1645055999999.0,138152061.6004,202326.0,1231367.72,69558782.6094,0.0
2022-02-17,56.05,57.16,50.09,50.28,3034057.42,1645142399999.0,163862347.4376,229926.0,1385836.39,74938549.5053,0.0
2022-02-18,50.29,51.85,48.86,50.59,3684907.93,1645228799999.0,185924878.1759,214836.0,1822083.77,91964919.5519,0.0
2022-02-19,50.59,52.87,49.89,50.48,2388301.35,1645315199999.0,122285104.2498,165033.0,1132673.04,58011288.0465,0.0
2022-02-20,50.48,50.7,47.29,49.34,3187659.69,1645401599999.0,156060698.3312,185636.0,1555841.5,76242650.9401,0.0
2022-02-21,49.32,53.95,48.95,50.12,5984234.19,1645487999999.0,308899177.8466,366280.0,3016198.66,155751223.4139,0.0
2022-02-22,50.11,56.05,48.43,54.74,6944791.71,1645574399999.0,360791338.94,419195.0,3604936.36,187384288.8368,0.0
2022-02-23,54.74,65.21,54.54,59.58,8683554.96,1645660799999.0,513549758.7103,602730.0,4349437.15,257176902.4044,0.0
2022-02-24,59.59,66.07,50.25,65.15,17905166.95,1645747199999.0,1019357742.4366,1137012.0,8828045.31,503110352.9789,0.0
2022-02-25,65.15,73.83,63.84,73.13,9926669.56,1645833599999.0,667937058.2144,805928.0,4913698.06,330581137.1987,0.0
2022-02-26,73.12,79.6,72.16,78.13,6362000.36,1645919999999.0,477575662.763,608918.0,3118146.72,234313402.0127,0.0
2022-02-27,78.14,79.0,71.21,72.57,6577089.93,1646006399999.0,494953180.2993,621081.0,3119735.56,234830991.9711,0.0
2022-02-28,72.57,95.38,70.44,91.35,9843336.91,1646092799999.0,788365756.5893,960467.0,5016636.65,402364506.3117,0.0
2022-03-01,91.35,94.96,86.11,89.7,9042288.79,1646179199999.0,815038198.4917,911159.0,4506912.32,406259560.2909,0.0
2022-03-02,89.69,97.29,88.12,92.29,8629130.94,1646265599999.0,802127148.5079,917465.0,4148347.93,385688645.1747,0.0
2022-03-03,92.3,94.26,86.78,90.52,6006618.13,1646351999999.0,546341737.7318,651693.0,2888943.86,262967188.2837,0.0
2022-03-04,90.52,93.51,82.76,83.44,7234521.75,1646438399999.0,647086055.9785,696674.0,3471887.7,310819593.7609,0.0
2022-03-05,83.44,88.63,80.28,87.56,5341807.62,1646524799999.0,451464311.8001,517069.0,2623474.46,221844617.3206,0.0
2022-03-06,87.55,88.38,78.5,79.2,5303792.4,1646611199999.0,441141813.0021,512571.0,2614944.43,217495446.0243,0.0
2022-03-07,79.25,83.9,75.58,77.8,6096450.93,1646697599999.0,486316768.8116,488828.0,3009687.68,240308833.9766,0.0
2022-03-08,77.78,86.97,77.28,85.28,5813319.13,1646783999999.0,478750197.2315,445087.0,2956826.66,243559099.7904,0.0
2022-03-09,85.31,104.83,84.87,99.21,10593578.81,1646870399999.0,1030244969.2775,1018181.0,5528783.8,536925559.9972,0.0
2022-03-10,99.22,104.59,92.02,101.16,10144007.25,1646956799999.0,994803517.1801,943384.0,4992622.21,489972414.3753,0.0
2022-03-11,101.19,101.78,87.83,88.42,7889590.53,1647043199999.0,752513121.0231,709285.0,3818624.05,364037522.7584,0.0
2022-03-12,88.41,92.54,85.76,86.05,3269128.37,1647129599999.0,293542603.4865,298511.0,1583758.88,142302337.6816,0.0
2022-03-13,86.04,92.78,85.34,87.38,3712189.26,1647215999999.0,328739180.213,361179.0,1854984.66,164368030.4834,0.0
2022-03-14,87.37,94.98,86.63,94.87,5197090.94,1647302399999.0,476267919.9701,511119.0,2617742.99,239978659.2571,0.0
2022-03-15,94.86,95.84,87.84,88.48,4400556.71,1647388799999.0,402484043.3607,405024.0,2121691.04,194100827.5308,0.0
2022-03-16,88.49,90.7,86.0,89.15,4672933.49,1647475199999.0,413674487.9043,433335.0,2403412.37,212936371.5451,0.0
2022-03-17,89.16,90.43,86.44,86.83,2847012.72,1647561599999.0,251006690.0394,240223.0,1399538.74,123440015.7189,0.0
2022-03-18,86.84,88.75,82.57,88.54,4227993.24,1647647999999.0,360463592.3551,347665.0,2153070.42,183669629.171,0.0
2022-03-19,88.52,93.58,87.38,92.11,3456523.12,1647734399999.0,312873597.5653,331048.0,1780015.67,161040141.2732,0.0
2022-03-20,92.11,94.47,89.67,90.62,2521853.46,1647820799999.0,232001076.2347,281309.0,1155655.83,106370845.2434,0.0
2022-03-21,90.63,97.77,90.33,95.76,4219640.26,1647907199999.0,400406895.7356,442438.0,2137950.06,202902349.1947,0.0
2022-03-22,95.76,96.51,92.14,93.06,2883487.28,1647993599999.0,270520093.0067,293404.0,1400672.55,131426950.9846,0.0
2022-03-23,93.05,96.64,92.34,94.86,2603281.86,1648079999999.0,245353098.7802,253169.0,1393613.28,131298583.5596,0.0
2022-03-24,94.86,95.77,91.58,93.64,2869855.93,1648166399999.0,269402700.2039,259976.0,1453054.34,136449588.0345,0.0
2022-03-25,93.64,94.9,88.8,90.39,3066849.02,1648252799999.0,283119138.7275,263936.0,1438204.37,132856994.2791,0.0
2022-03-26,90.38,91.94,88.87,91.37,1798813.88,1648339199999.0,162391189.9402,156053.0,875729.74,79070703.7531,0.0
2022-03-27,91.36,94.58,89.62,94.12,1654350.56,1648425599999.0,151437070.4433,155288.0,855851.65,78405338.4327,0.0
2022-03-28,94.11,101.66,92.9,97.18,5302793.37,1648511999999.0,513404903.3076,489098.0,2783192.04,269402553.314,0.0
2022-03-29,97.19,109.9,97.0,109.02,7575045.98,1648598399999.0,794164387.0609,783682.0,3827124.96,401102441.1476,0.0
2022-03-30,109.03,111.52,103.49,106.04,4301211.711,1648684799999.0,461059749.9717,485147.0,2107494.971,225987411.0999,0.0
2022-03-31,106.05,108.85,101.5,103.02,3103034.61,1648771199999.0,327429628.7976,330422.0,1498305.99,158206036.0836,0.0
2022-04-01,103.02,108.0,98.51,105.9,3374194.4,1648857599999.0,349578410.5618,345004.0,1647841.86,171029146.9657,0.0
2022-04-02,105.9,117.34,105.56,115.18,4530463.15,1648943999999.0,508213462.8086,570951.0,2296162.62,257390063.3309,0.0
2022-04-03,115.16,118.09,111.62,112.87,3175771.4,1649030399999.0,363552609.1228,403849.0,1526993.93,174917867.3476,0.0
2022-04-04,112.87,117.7,109.31,116.42,3521697.14,1649116799999.0,399306984.8764,425303.0,1710480.59,194144437.7699,0.0
2022-04-05,116.43,119.55,113.69,116.27,3481840.59,1649203199999.0,406775017.93073,422990.0,1689082.91,197349666.04883,0.0
2022-04-06,116.27,118.34,105.53,108.02,4785327.96,1649289599999.0,534482136.3496,543593.0,2299825.87,256993047.4453,0.0
2022-04-07,108.02,109.64,100.31,103.52,3809536.78,1649375999999.0,401651820.3144,428707.0,1816297.99,191488470.582,0.0
2022-04-08,103.5,106.66,93.16,94.55,4608717.21,1649462399999.0,459774435.4468,418740.0,2131816.03,213026051.1246,0.0
2022-04-09,94.53,97.6,92.12,97.41,2477140.95,1649548799999.0,234176929.2377,249710.0,1249166.45,118109033.1943,0.0
2022-04-10,97.41,97.56,91.43,91.85,2050962.84,1649635199999.0,193745291.2944,235189.0,1015628.71,95985607.333,0.0
2022-04-11,91.85,92.18,80.61,82.52,5012294.63,1649721599999.0,432664677.0202,464704.0,2351657.15,202961933.5195,0.0
2022-04-12,82.51,88.4,81.33,84.62,3614815.43,1649807999999.0,305552179.2043,383978.0,1780190.02,150606951.5155,0.0
2022-04-13,84.62,88.1,82.77,87.92,2681723.11,1649894399999.0,230497389.2568,277422.0,1452204.26,124888906.882,0.0
2022-04-14,87.91,89.84,79.58,81.57,2831445.02,1649980799999.0,239967376.6382,310302.0,1356798.78,115145443.3709,0.0
2022-04-15,81.56,82.7,79.04,80.39,1768888.44,1650067199999.0,143245097.3763,196846.0,888955.07,72004699.2458,0.0
2022-04-16,80.39,81.83,79.94,80.96,1177058.21,1650153599999.0,95102187.8853,100202.0,615218.26,49708724.6732,0.0
2022-04-17,80.96,82.5,76.92,77.19,1860566.56,1650239999999.0,149717049.7209,168965.0,906637.39,73022082.4854,0.0
2022-04-18,77.18,91.65,75.67,91.09,5392857.02,1650326399999.0,448936879.4618,521757.0,2760110.88,230343112.0107,0.0
2022-04-19,91.09,95.99,88.42,95.46,3814030.83,1650412799999.0,350405163.7931,455792.0,1951329.89,179199752.3614,0.0
2022-04-20,95.46,97.44,93.32,94.77,3304731.57,1650499199999.0,315120715.6988,361349.0,1673140.14,159561305.4205,0.0
2022-04-21,94.76,99.43,89.94,90.8,3688069.76,1650585599999.0,352467230.4539,436000.0,1778917.65,170211404.0764,0.0
2022-04-22,90.8,96.89,90.54,93.53,3914574.5,1650671999999.0,367262234.9941,451457.0,1937991.47,181860847.2682,0.0
2022-04-23,93.52,94.06,88.79,89.28,1862239.48,1650758399999.0,170942414.6529,252275.0,949398.43,87163151.0958,0.0
2022-04-24,89.27,92.34,88.45,90.52,1806697.09,1650844799999.0,163723714.5574,229703.0,896282.32,81230321.0834,0.0
2022-04-25,90.52,97.5,87.26,96.93,4733212.32,1650931199999.0,433486788.6574,515275.0,2463185.91,225869314.0805,0.0
2022-04-26,96.95,97.35,86.74,88.43,4455702.19,1651017599999.0,410835006.9607,445809.0,2152902.25,198784340.6356,0.0
2022-04-27,88.43,90.64,87.5,89.03,2810528.97,1651103999999.0,250169503.8968,274040.0,1292993.51,115160585.7615,0.0
2022-04-28,89.02,92.46,87.06,89.14,3414335.76,1651190399999.0,306355505.3388,357590.0,1763710.78,158288515.7833,0.0
2022-04-29,89.13,89.73,84.1,85.08,2877996.82,1651276799999.0,248440735.8731,297520.0,1350323.25,116618957.326,0.0
2022-04-30,85.08,86.33,76.55,78.09,2907013.07,1651363199999.0,236720356.0223,300073.0,1398448.88,113846320.7562,0.0
2022-05-01,78.1,82.67,76.49,82.23,3189986.38,1651449599999.0,255767228.7103,291091.0,1508322.56,120924195.7771,0.0
2022-05-02,82.21,85.62,80.49,84.27,3340945.9,1651535999999.0,277954039.2501,324076.0,1634645.29,136149291.7959,0.0
2022-05-03,84.25,85.88,81.21,82.5,2100354.86,1651622399999.0,175954270.5829,207959.0,1026376.82,85974339.3902,0.0
2022-05-04,82.5,88.35,82.04,86.18,3261313.48,1651708799999.0,278860911.8813,342128.0,1746876.96,149567766.7129,0.0
2022-05-05,86.18,87.87,78.51,82.35,4041993.64,1651795199999.0,333228880.909,420941.0,1941068.58,160448741.0297,0.0
2022-05-06,82.34,83.05,77.22,77.3,3872974.71,1651881599999.0,309539617.7434,364280.0,1877516.63,149936489.3086,0.0
2022-05-07,77.3,77.5,63.25,68.13,6142369.5,1651967999999.0,435000006.3386,549789.0,2927432.42,207169039.9652,0.0
2022-05-08,68.13,68.54,59.4,64.26,12843843.35,1652054399999.0,825804571.8088,975315.0,6227471.68,400596301.9175,0.0
2022-05-09,64.27,65.29,30.0,30.29,33203121.52,1652140799999.0,1643226794.6287,2310016.0,16418231.1,812554771.2736,0.0
2022-05-10,30.31,40.18,13.57,17.46,132055659.925,1652227199999.0,3641612810.397046,6381660.0,63196849.421,1760749801.428056,0.0
2022-05-11,17.46,19.66,0.69,1.0769,2564440333.076,1652313599999.0,6877632522.71645,14126923.0,1220193913.435,3289296564.256979,0.0
2022-05-12,1.0782,1.38,0.00028,0.00032,273239141790.44,1652399999999.0,3940730875.308903,14889819.0,119316498184.87,1805461795.3928173,0.0
2022-05-13,0.00032,0.0006,4e-05,5e-05,145150420958.3,1652402399999.0,21343991.1367998,237843.0,58328028400.28,9126632.1330531,0.0
2022-05-31,1.0,25.0,1.0,8.87,53335774.77,1654041599999.0,489342862.647303,1874533.0,25231087.47,231867915.526969,0.0
2022-06-01,8.8699,8.9999,6.011,6.5295,29723084.51,1654127999999.0,211222935.771786,782641.0,14399015.73,102463651.864587,0.0
2022-06-02,6.5305,7.49,6.1916,7.1025,17903528.61,1654214399999.0,121642078.670379,344117.0,8698867.92,59208928.633443,0.0
2022-06-03,7.1109,7.1127,6.1636,6.4892,8736465.23,1654300799999.0,57727226.420723,167835.0,4227397.82,27928778.475273,0.0
2022-06-04,6.4869,6.5441,6.25,6.3805,3350624.81,1654387199999.0,21417840.871863,76236.0,1596997.64,10214282.388654,0.0
2022-06-05,6.3842,6.3843,4.5556,4.8767,20932583.32,1654473599999.0,107926943.961428,365883.0,9874405.23,50882636.249725,0.0
2022-06-06,4.8767,5.5631,4.7702,4.9216,11193992.05,1654559999999.0,57275005.462651,192534.0,5664013.38,29047140.47625,0.0
2022-06-07,4.9181,4.9697,3.65,3.8277,15760103.28,1654646399999.0,67270979.921541,219698.0,7479865.53,31967875.82939,0.0
2022-06-08,3.8231,3.95,1.9463,2.1691,28394640.8,1654732799999.0,88300328.023481,319846.0,13008890.26,40853942.346608,0.0
2022-06-09,2.1651,3.528,2.0484,3.0854,49214137.13,1654819199999.0,143450085.55416,557047.0,24686477.8,72051544.110838,0.0
2022-06-10,3.0854,3.2953,2.7517,2.8635,18326612.47,1654905599999.0,54913732.708657,207773.0,9061166.72,27191022.057708,0.0
2022-06-11,2.8665,2.9463,2.4803,2.6147,12886083.34,1654991999999.0,35124000.176619,128702.0,6213716.51,16958315.904863,0.0
2022-06-12,2.6219,3.4884,2.4731,2.6,24322704.85,1655078399999.0,69998429.789968,240760.0,11973200.46,34531091.360972,0.0
2022-06-13,2.6,2.7949,2.2701,2.5391,22028552.38,1655164799999.0,56369604.503526,221915.0,10784003.98,27631125.121089,0.0
2022-06-14,2.5362,2.8175,2.32,2.5166,14705071.08,1655251199999.0,37546650.718238,144367.0,7368932.29,18835928.499032,0.0
2022-06-15,2.5166,2.5948,2.0325,2.5309,19233132.3,1655337599999.0,45086106.855156,141133.0,9204328.85,21546776.972385,0.0
2022-06-16,2.5312,2.7,2.2006,2.255,10890500.62,1655423999999.0,26267744.398361,73899.0,4875385.82,11781989.514642,0.0
2022-06-17,2.2553,2.3348,2.1874,2.2327,7089386.27,1655510399999.0,15931581.203241,45347.0,3877189.47,8708177.773732,0.0
2022-06-18,2.2321,2.2627,1.61,1.865,17396026.3,1655596799999.0,33165544.640165,133852.0,8471818.79,16125432.810519,0.0
2022-06-19,1.8663,2.279,1.7576,2.1151,18278034.34,1655683199999.0,37048336.733489,113499.0,9283431.12,18856678.486605,0.0
2022-06-20,2.1161,2.1262,1.88,2.0371,10653397.01,1655769599999.0,21615593.397624,64687.0,5221837.04,10598160.038029,0.0
2022-06-21,2.0375,2.22,2.0147,2.0328,11032333.11,1655855999999.0,23211465.692912,62543.0,5422758.34,11416147.212144,0.0
2022-06-22,2.0307,2.0331,1.8928,1.9176,6835923.92,1655942399999.0,13368213.619206,40272.0,3357294.35,6567953.858382,0.0
2022-06-23,1.9164,1.9931,1.782,1.9423,9563737.66,1656028799999.0,18409783.588972,50944.0,5111004.16,9843254.662988,0.0
2022-06-24,1.942,2.0483,1.8557,1.9862,8342219.42,1656115199999.0,16135340.15984,49783.0,4209404.43,8144335.504909,0.0
2022-06-25,1.984,2.0442,1.9202,1.9917,7038853.04,1656201599999.0,13879816.192926,39829.0,3388115.06,6683519.762778,0.0
2022-06-26,1.993,2.0802,1.9084,2.0137,12521019.62,1656287999999.0,24950238.344838,64744.0,6442091.09,12838897.197279,0.0
2022-06-27,2.0158,2.7778,1.9538,2.22,60649216.07,1656374399999.0,142034986.442673,370542.0,30654898.99,71805072.704154,0.0
2022-06-28,2.2217,2.639,2.06,2.4339,26804849.24,1656460799999.0,63462212.102753,180358.0,12841126.92,30418293.738682,0.0
2022-06-29,2.4321,2.82,2.3423,2.622,29364179.47,1656547199999.0,74976708.135604,207297.0,14388838.91,36739002.187826,0.0
2022-06-30,2.6229,2.6299,2.02,2.1288,14264708.27,1656633599999.0,31381283.866735,103560.0,6898177.9,15157811.204688,0.0
2022-07-01,2.1251,2.2298,2.0298,2.1396,10106382.24,1656719999999.0,21397749.96598,68407.0,5225181.66,11050613.915519,0.0
2022-07-02,2.137,2.2007,2.0607,2.1091,6012331.48,1656806399999.0,12819909.269608,43861.0,2882499.31,6148491.814327,0.0
2022-07-03,2.1083,2.1645,2.06,2.1528,4357543.83,1656892799999.0,9200810.160044,29386.0,2081350.33,4396860.028712,0.0
2022-07-04,2.1518,2.255,2.1,2.2471,5688785.36,1656979199999.0,12330321.229973,42294.0,2725192.73,5912149.475652,0.0
2022-07-05,2.2477,2.2496,2.1071,2.1628,7158083.15,1657065599999.0,15486519.351273,44058.0,3124818.94,6755832.221933,0.0
2022-07-06,2.1609,2.1765,2.1196,2.1522,4106345.6,1657151999999.0,8820462.79718,28318.0,1960332.82,4211651.106576,0.0
2022-07-07,2.1509,2.2012,2.1259,2.1926,4227695.55,1657238399999.0,9129227.876927,33939.0,2005927.42,4332926.623014,0.0
2022-07-08,2.1933,2.458,2.1883,2.2757,10346767.47,1657324799999.0,24068248.664557,84674.0,4950344.96,11525119.701614,0.0
2022-07-09,2.2764,2.2868,2.201,2.2637,3364243.5,1657411199999.0,7605852.70718,31423.0,1631608.83,3690089.289464,0.0
2022-07-10,2.2654,2.2748,2.02,2.1122,5769014.2,1657497599999.0,12325620.985373,41967.0,2783254.12,5950100.316708,0.0
2022-07-11,2.1152,2.1161,1.83,1.887,6721211.54,1657583999999.0,13501743.101432,44937.0,3247882.76,6527420.174981,0.0
2022-07-12,1.8861,1.938,1.7915,1.8155,6002079.75,1657670399999.0,11168984.886281,40729.0,3083793.82,5741190.374094,0.0
2022-07-13,1.8173,1.8885,1.4808,1.8118,10217494.87,1657756799999.0,17509659.876142,71547.0,5095354.77,8738273.082521,0.0
2022-07-14,1.8116,1.8388,1.6861,1.77,6841695.52,1657843199999.0,11923417.84515,38789.0,3514257.72,6122228.511469,0.0
2022-07-15,1.7699,1.8768,1.7139,1.81,6159757.22,1657929599999.0,11177429.491636,39651.0,3033898.42,5505715.151187,0.0
2022-07-16,1.8091,1.8229,1.7244,1.8096,3838190.62,1658015999999.0,6797163.512445,33415.0,1814463.86,3216065.597382,0.0
2022-07-17,1.8066,1.8599,1.7362,1.7678,4154789.87,1658102399999.0,7473001.860038,32754.0,1992739.62,3588044.314777,0.0
2022-07-18,1.7678,2.2062,1.76,2.0365,14562352.76,1658188799999.0,28987114.155282,111828.0,7380889.44,14703500.767934,0.0
2022-07-19,2.0353,2.1436,1.855,2.0006,7426513.86,1658275199999.0,14815911.719889,75350.0,3596693.99,7183174.080939,0.0
2022-07-20,2.0006,2.1895,1.8311,1.9044,9872428.39,1658361599999.0,19931890.899337,88044.0,4806984.39,9713694.785297,0.0
2022-07-21,1.9048,1.9494,1.775,1.9112,5620848.88,1658447999999.0,10549871.669605,51761.0,2759868.65,5185963.931039,0.0
2022-07-22,1.9113,1.94,1.8246,1.8523,3737527.3,1658534399999.0,7066841.506278,41967.0,1908868.33,3610299.76659,0.0
2022-07-23,1.8523,1.9312,1.8017,1.856,3579242.6,1658620799999.0,6679136.78501,41784.0,1684087.65,3146485.446942,0.0
2022-07-24,1.855,1.9312,1.8531,1.8627,3018275.75,1658707199999.0,5709724.327728,31128.0,1443577.82,2730884.065758,0.0
2022-07-25,1.8628,1.8718,1.65,1.6788,4860400.06,1658793599999.0,8665916.78002,42322.0,2215171.95,3951290.535973,0.0
2022-07-26,1.6751,1.719,1.6173,1.7147,3898582.94,1658879999999.0,6491146.983637,44647.0,1945280.66,3241741.528691,0.0
2022-07-27,1.7152,1.8301,1.69,1.8093,4018498.67,1658966399999.0,7014491.92764,39416.0,1952282.21,3409832.983133,0.0
2022-07-28,1.8094,1.9099,1.7813,1.8618,5817365.01,1659052799999.0,10708708.239078,49808.0,2821539.07,5196063.362071,0.0
2022-07-29,1.8608,2.124,1.8416,1.9171,8532939.53,1659139199999.0,16645012.98957,67094.0,4117037.81,8038787.808853,0.0
2022-07-30,1.9181,2.0,1.8178,1.8612,4896935.33,1659225599999.0,9478611.114836,46707.0,2242576.99,4346573.823223,0.0
2022-07-31,1.8617,2.1178,1.8495,1.88,8613484.52,1659311999999.0,17153189.918146,70663.0,4175782.81,8321614.856733,0.0
2022-08-01,1.8826,2.6425,1.8575,2.2735,37782266.94,1659398399999.0,89329053.639638,327546.0,19036622.38,45026385.13197,0.0
2022-08-02,2.2703,2.3349,2.0888,2.1368,9723317.98,1659484799999.0,21286340.476041,91005.0,4579713.94,10032958.960585,0.0
2022-08-03,2.1368,2.1946,2.0,2.0719,5630213.58,1659571199999.0,11857500.534153,60546.0,2561151.23,5399796.784692,0.0
2022-08-04,2.0719,2.2419,2.0,2.0952,5225673.81,1659657599999.0,11067926.799483,57255.0,2613305.36,5528812.474543,0.0
2022-08-05,2.0926,2.1449,2.068,2.1346,3472124.36,1659743999999.0,7338814.17784,44463.0,1785296.25,3774122.5167,0.0
2022-08-06,2.1347,2.2238,2.085,2.1084,3221404.07,1659830399999.0,6915840.470831,39117.0,1512405.89,3246879.361034,0.0
2022-08-07,2.1084,2.1457,2.0287,2.0982,2681129.74,1659916799999.0,5594249.694532,30788.0,1368611.95,2853726.659528,0.0
2022-08-08,2.0983,2.1779,2.0802,2.109,2925046.43,1660003199999.0,6222969.517374,35186.0,1362826.1,2900862.62944,0.0
2022-08-09,2.1091,2.21,1.8529,1.9821,5449626.99,1660089599999.0,11213825.668931,57518.0,2618067.52,5385122.643392,0.0
2022-08-10,1.9821,2.0615,1.9061,2.0219,3383824.07,1660175999999.0,6745432.453561,39225.0,1695614.99,3386302.377827,0.0
2022-08-11,2.0223,2.0694,1.951,1.9725,2617403.39,1660262399999.0,5308801.816399,31996.0,1261475.43,2558926.147064,0.0
2022-08-12,1.9725,2.0973,1.945,2.0437,2800250.2,1660348799999.0,5653063.44388,36193.0,1467679.31,2964928.473353,0.0
2022-08-13,2.0441,2.074,1.9823,2.0035,2054116.08,1660435199999.0,4172916.211114,27707.0,908726.43,1848613.500177,0.0
2022-08-14,2.0038,2.199,1.9867,2.0522,6126179.81,1660521599999.0,12709492.934206,65663.0,2930203.81,6084799.223096,0.0
2022-08-15,2.0526,2.1798,1.85,1.9846,7791725.03,1660607999999.0,15951026.307504,70118.0,3758731.68,7709404.075594,0.0
2022-08-16,1.9846,2.0419,1.9324,1.9988,2731356.28,1660694399999.0,5415584.095774,31361.0,1260826.99,2501549.86581,0.0
2022-08-17,1.9988,2.0507,1.8854,1.9341,3284358.27,1660780799999.0,6513018.762678,38210.0,1540250.88,3056262.53789,0.0
2022-08-18,1.9333,1.9586,1.55,1.7695,4306805.54,1660867199999.0,7917566.59977,49996.0,2143376.13,3973048.301609,0.0
2022-08-19,1.7697,1.788,1.52,1.5938,7186424.66,1660953599999.0,11879477.092836,66870.0,3661463.95,6066090.314728,0.0
2022-08-20,1.5933,1.6802,1.5664,1.6166,3011263.61,1661039999999.0,4931319.326902,35132.0,1493163.4,2446705.344291,0.0
2022-08-21,1.6167,1.6944,1.6135,1.6737,2838445.94,1661126399999.0,4712186.285709,31578.0,1276157.42,2119081.046123,0.0
2022-08-22,1.6735,1.75,1.5915,1.6691,2849838.03,1661212799999.0,4725121.209351,33352.0,1459055.66,2418439.00827,0.0
2022-08-23,1.6666,1.8396,1.6245,1.8031,6907874.69,1661299199999.0,12016705.23705,57983.0,3270937.23,5694185.418256,0.0
2022-08-24,1.8026,1.8119,1.7151,1.7158,2803949.4,1661385599999.0,4913208.44984,31494.0,1371944.15,2404089.392741,0.0
2022-08-25,1.7155,1.8478,1.713,1.8149,5907649.57,1661471999999.0,10499719.132751,53972.0,3132160.48,5567837.096468,0.0
2022-08-26,1.8151,1.8573,1.5717,1.6161,5795091.79,1661558399999.0,10036937.828594,57212.0,2880945.25,4997495.138311,0.0
2022-08-27,1.6156,1.6501,1.5742,1.6141,2478182.79,1661644799999.0,4002931.355843,29351.0,1283981.03,2073976.784286,0.0
2022-08-28,1.6143,1.635,1.5056,1.5475,2142858.85,1661731199999.0,3425736.278222,24025.0,1057753.1,1692168.863076,0.0
2022-08-29,1.547,1.6484,1.5,1.6386,2362578.93,1661817599999.0,3760644.291988,27424.0,1227160.92,1954637.880427,0.0
2022-08-30,1.6386,1.7963,1.5701,1.7317,5545436.61,1661903999999.0,9301518.748597,55302.0,2735376.23,4597571.763809,0.0
2022-08-31,1.7317,1.8471,1.6465,1.7834,9499373.36,1661990399999.0,16642310.281177,81576.0,4761016.69,8361215.051164,0.0
2022-09-01,1.785,2.2135,1.7592,1.9911,33364390.55,1662076799999.0,66687532.677034,259932.0,16728824.68,33451166.804017,0.0
2022-09-02,1.9913,2.0769,1.8255,1.8583,11232846.28,1662163199999.0,21609204.483795,107067.0,5425619.88,10455023.402124,0.0
2022-09-03,1.8583,1.9192,1.7834,1.86,5696792.03,1662249599999.0,10583266.857043,53318.0,2650128.5,4927963.023409,0.0
2022-09-04,1.8597,1.872,1.7617,1.8128,3695783.59,1662335999999.0,6692672.042304,41232.0,1690915.97,3062235.370098,0.0
2022-09-05,1.8123,2.0129,1.7702,2.0028,11532299.51,1662422399999.0,21834213.233095,114177.0,5862877.52,11103234.943855,0.0
2022-09-06,2.0036,2.16,1.7801,1.8485,16457575.54,1662508799999.0,32641853.120176,153134.0,8199790.12,16290730.23542,0.0
2022-09-07,1.8479,1.9799,1.7666,1.8834,9691967.52,1662595199999.0,18232542.240708,94972.0,4711773.63,8871039.665519,0.0
2022-09-08,1.8833,2.0806,1.8829,1.9113,15444580.62,1662681599999.0,30555418.60441,133195.0,7449357.52,14750793.589483,0.0
2022-09-09,1.9119,7.666,1.9116,5.1142,172795186.66,1662767999999.0,858781818.828118,2465032.0,86931433.86,430631926.471849,0.0
2022-09-10,5.1093,7.2,4.7438,6.4206,100510981.07,1662854399999.0,607931085.974975,1547749.0,49746190.82,301113662.443091,0.0
2022-09-11,6.4192,7.04,5.2679,5.73,50023128.57,1662940799999.0,302620721.052413,792239.0,24405777.05,147946562.968197,0.0
2022-09-12,5.7292,5.88,3.7856,4.0236,56823980.35,1663027199999.0,262443880.757217,739142.0,27064281.67,125028235.437606,0.0
2022-09-13,4.0247,4.6988,3.821,4.1539,46834030.79,1663113599999.0,201309457.567966,604395.0,23293488.41,100283615.673248,0.0
2022-09-14,4.1549,4.5222,2.2351,3.0335,90197168.74,1663199999999.0,283521157.40281,933628.0,43065345.84,135155853.87531,0.0
2022-09-15,3.03,3.18,2.6209,2.7269,28761915.06,1663286399999.0,83162188.583796,321731.0,14700706.9,42558012.471085,0.0
2022-09-16,2.728,3.4826,2.6389,3.0759,39142255.26,1663372799999.0,116968537.362434,424404.0,19237399.77,57563630.084264,0.0
2022-09-17,3.0746,3.0961,2.9021,3.0486,3537886.2,1663459199999.0,10592733.659544,47186.0,1601843.26,4799146.085358,0.0
